Sample	RefId	MappedReads	PercentGenomeCovered	MeanCoverage	PassFilter	ConsensusFile
SRR24967171	NC_000939.2	0	0.00	0.0000	False	/data/output/mapping/map2Ref/SRR24967171/NC_000939.2.consensus.fasta
SRR24967171	NC_000947.1	0	0.00	0.0000	False	/data/output/mapping/map2Ref/SRR24967171/NC_000947.1.consensus.fasta
SRR24967171	NC_001265.2	0	0.00	0.0000	False	/data/output/mapping/map2Ref/SRR24967171/NC_001265.2.consensus.fasta
SRR24967171	NC_001339.1	0	0.00	0.0000	False	/data/output/mapping/map2Ref/SRR24967171/NC_001339.1.consensus.fasta
SRR24967171	NC_001343.1	0	0.00	0.0000	False	/data/output/mapping/map2Ref/SRR24967171/NC_001343.1.consensus.fasta
SRR24967171	NC_001361.2	0	0.00	0.0000	False	/data/output/mapping/map2Ref/SRR24967171/NC_001361.2.consensus.fasta
SRR24967171	NC_001441.1	0	0.00	0.0000	False	/data/output/mapping/map2Ref/SRR24967171/NC_001441.1.consensus.fasta
SRR24967171	NC_001445.1	0	0.00	0.0000	False	/data/output/mapping/map2Ref/SRR24967171/NC_001445.1.consensus.fasta
SRR24967171	NC_001469.1	0	0.00	0.0000	False	/data/output/mapping/map2Ref/SRR24967171/NC_001469.1.consensus.fasta
SRR24967171	NC_001483.1	0	0.00	0.0000	False	/data/output/mapping/map2Ref/SRR24967171/NC_001483.1.consensus.fasta
SRR24967171	NC_001504.1	0	0.00	0.0000	False	/data/output/mapping/map2Ref/SRR24967171/NC_001504.1.consensus.fasta
SRR24967171	NC_001517.1	0	0.00	0.0000	False	/data/output/mapping/map2Ref/SRR24967171/NC_001517.1.consensus.fasta
SRR24967171	NC_001554.1	0	0.00	0.0000	False	/data/output/mapping/map2Ref/SRR24967171/NC_001554.1.consensus.fasta
SRR24967171	NC_001555.1	0	0.00	0.0000	False	/data/output/mapping/map2Ref/SRR24967171/NC_001555.1.consensus.fasta
SRR24967171	NC_001574.1	0	0.00	0.0000	False	/data/output/mapping/map2Ref/SRR24967171/NC_001574.1.consensus.fasta
SRR24967171	NC_001600.1	0	0.00	0.0000	False	/data/output/mapping/map2Ref/SRR24967171/NC_001600.1.consensus.fasta
SRR24967171	NC_001616.1	0	0.00	0.0000	False	/data/output/mapping/map2Ref/SRR24967171/NC_001616.1.consensus.fasta
SRR24967171	NC_001642.1	0	0.00	0.0000	False	/data/output/mapping/map2Ref/SRR24967171/NC_001642.1.consensus.fasta
SRR24967171	NC_001658.1	0	0.00	0.0000	False	/data/output/mapping/map2Ref/SRR24967171/NC_001658.1.consensus.fasta
SRR24967171	NC_001671.1	0	0.00	0.0000	False	/data/output/mapping/map2Ref/SRR24967171/NC_001671.1.consensus.fasta
SRR24967171	NC_001721.1	0	0.00	0.0000	False	/data/output/mapping/map2Ref/SRR24967171/NC_001721.1.consensus.fasta
SRR24967171	NC_001748.1	0	0.00	0.0000	False	/data/output/mapping/map2Ref/SRR24967171/NC_001748.1.consensus.fasta
SRR24967171	NC_001753.1	0	0.00	0.0000	False	/data/output/mapping/map2Ref/SRR24967171/NC_001753.1.consensus.fasta
SRR24967171	NC_001768.1	0	0.00	0.0000	False	/data/output/mapping/map2Ref/SRR24967171/NC_001768.1.consensus.fasta
SRR24967171	NC_001777.1	0	0.00	0.0000	False	/data/output/mapping/map2Ref/SRR24967171/NC_001777.1.consensus.fasta
SRR24967171	NC_001780.1	0	0.00	0.0000	False	/data/output/mapping/map2Ref/SRR24967171/NC_001780.1.consensus.fasta
SRR24967171	NC_001785.1	1	0.39	0.0039	False	/data/output/mapping/map2Ref/SRR24967171/NC_001785.1.consensus.fasta
SRR24967171	NC_001812.1	0	0.00	0.0000	False	/data/output/mapping/map2Ref/SRR24967171/NC_001812.1.consensus.fasta
SRR24967171	NC_001818.1	0	0.00	0.0000	False	/data/output/mapping/map2Ref/SRR24967171/NC_001818.1.consensus.fasta
SRR24967171	NC_001822.1	0	0.00	0.0000	False	/data/output/mapping/map2Ref/SRR24967171/NC_001822.1.consensus.fasta
SRR24967171	NC_001841.1	0	0.00	0.0000	False	/data/output/mapping/map2Ref/SRR24967171/NC_001841.1.consensus.fasta
SRR24967171	NC_001946.1	0	0.00	0.0000	False	/data/output/mapping/map2Ref/SRR24967171/NC_001946.1.consensus.fasta
SRR24967171	NC_001948.1	0	0.00	0.0000	False	/data/output/mapping/map2Ref/SRR24967171/NC_001948.1.consensus.fasta
SRR24967171	NC_002187.1	0	0.00	0.0000	False	/data/output/mapping/map2Ref/SRR24967171/NC_002187.1.consensus.fasta
SRR24967171	NC_002468.1	0	0.00	0.0000	False	/data/output/mapping/map2Ref/SRR24967171/NC_002468.1.consensus.fasta
SRR24967171	NC_002509.2	0	0.00	0.0000	False	/data/output/mapping/map2Ref/SRR24967171/NC_002509.2.consensus.fasta
SRR24967171	NC_002552.1	0	0.00	0.0000	False	/data/output/mapping/map2Ref/SRR24967171/NC_002552.1.consensus.fasta
SRR24967171	NC_002598.1	0	0.00	0.0000	False	/data/output/mapping/map2Ref/SRR24967171/NC_002598.1.consensus.fasta
SRR24967171	NC_002600.1	0	0.00	0.0000	False	/data/output/mapping/map2Ref/SRR24967171/NC_002600.1.consensus.fasta
SRR24967171	NC_002634.1	0	0.00	0.0000	False	/data/output/mapping/map2Ref/SRR24967171/NC_002634.1.consensus.fasta
SRR24967171	NC_002729.1	0	0.00	0.0000	False	/data/output/mapping/map2Ref/SRR24967171/NC_002729.1.consensus.fasta
SRR24967171	NC_002795.1	0	0.00	0.0000	False	/data/output/mapping/map2Ref/SRR24967171/NC_002795.1.consensus.fasta
SRR24967171	NC_002815.2	0	0.00	0.0000	False	/data/output/mapping/map2Ref/SRR24967171/NC_002815.2.consensus.fasta
SRR24967171	NC_003003.1	0	0.00	0.0000	False	/data/output/mapping/map2Ref/SRR24967171/NC_003003.1.consensus.fasta
SRR24967171	NC_003031.1	0	0.00	0.0000	False	/data/output/mapping/map2Ref/SRR24967171/NC_003031.1.consensus.fasta
SRR24967171	NC_003093.1	0	0.00	0.0000	False	/data/output/mapping/map2Ref/SRR24967171/NC_003093.1.consensus.fasta
SRR24967171	NC_003224.1	0	0.00	0.0000	False	/data/output/mapping/map2Ref/SRR24967171/NC_003224.1.consensus.fasta
SRR24967171	NC_003377.1	0	0.00	0.0000	False	/data/output/mapping/map2Ref/SRR24967171/NC_003377.1.consensus.fasta
SRR24967171	NC_003381.1	0	0.00	0.0000	False	/data/output/mapping/map2Ref/SRR24967171/NC_003381.1.consensus.fasta
SRR24967171	NC_003382.1	0	0.00	0.0000	False	/data/output/mapping/map2Ref/SRR24967171/NC_003382.1.consensus.fasta
SRR24967171	NC_003397.1	0	0.00	0.0000	False	/data/output/mapping/map2Ref/SRR24967171/NC_003397.1.consensus.fasta
SRR24967171	NC_003398.1	0	0.00	0.0000	False	/data/output/mapping/map2Ref/SRR24967171/NC_003398.1.consensus.fasta
SRR24967171	NC_003399.1	0	0.00	0.0000	False	/data/output/mapping/map2Ref/SRR24967171/NC_003399.1.consensus.fasta
SRR24967171	NC_003445.1	0	0.00	0.0000	False	/data/output/mapping/map2Ref/SRR24967171/NC_003445.1.consensus.fasta
SRR24967171	NC_003462.2	0	0.00	0.0000	False	/data/output/mapping/map2Ref/SRR24967171/NC_003462.2.consensus.fasta
SRR24967171	NC_003487.1	0	0.00	0.0000	False	/data/output/mapping/map2Ref/SRR24967171/NC_003487.1.consensus.fasta
SRR24967171	NC_003492.1	0	0.00	0.0000	False	/data/output/mapping/map2Ref/SRR24967171/NC_003492.1.consensus.fasta
SRR24967171	NC_003499.1	0	0.00	0.0000	False	/data/output/mapping/map2Ref/SRR24967171/NC_003499.1.consensus.fasta
SRR24967171	NC_003500.3	0	0.00	0.0000	False	/data/output/mapping/map2Ref/SRR24967171/NC_003500.3.consensus.fasta
SRR24967171	NC_003532.1	0	0.00	0.0000	False	/data/output/mapping/map2Ref/SRR24967171/NC_003532.1.consensus.fasta
SRR24967171	NC_003535.1	0	0.00	0.0000	False	/data/output/mapping/map2Ref/SRR24967171/NC_003535.1.consensus.fasta
SRR24967171	NC_003536.1	0	0.00	0.0000	False	/data/output/mapping/map2Ref/SRR24967171/NC_003536.1.consensus.fasta
SRR24967171	NC_003537.1	179	0.52	0.6579	False	/data/output/mapping/map2Ref/SRR24967171/NC_003537.1.consensus.fasta
SRR24967171	NC_003557.1	0	0.00	0.0000	False	/data/output/mapping/map2Ref/SRR24967171/NC_003557.1.consensus.fasta
SRR24967171	NC_003605.1	0	0.00	0.0000	False	/data/output/mapping/map2Ref/SRR24967171/NC_003605.1.consensus.fasta
SRR24967171	NC_003606.1	0	0.00	0.0000	False	/data/output/mapping/map2Ref/SRR24967171/NC_003606.1.consensus.fasta
SRR24967171	NC_003608.1	0	0.00	0.0000	False	/data/output/mapping/map2Ref/SRR24967171/NC_003608.1.consensus.fasta
SRR24967171	NC_003627.1	0	0.00	0.0000	False	/data/output/mapping/map2Ref/SRR24967171/NC_003627.1.consensus.fasta
SRR24967171	NC_003632.1	0	0.00	0.0000	False	/data/output/mapping/map2Ref/SRR24967171/NC_003632.1.consensus.fasta
SRR24967171	NC_003633.1	0	0.00	0.0000	False	/data/output/mapping/map2Ref/SRR24967171/NC_003633.1.consensus.fasta
SRR24967171	NC_003742.1	0	0.00	0.0000	False	/data/output/mapping/map2Ref/SRR24967171/NC_003742.1.consensus.fasta
SRR24967171	NC_003785.2	0	0.00	0.0000	False	/data/output/mapping/map2Ref/SRR24967171/NC_003785.2.consensus.fasta
SRR24967171	NC_003794.1	0	0.00	0.0000	False	/data/output/mapping/map2Ref/SRR24967171/NC_003794.1.consensus.fasta
SRR24967171	NC_003820.1	0	0.00	0.0000	False	/data/output/mapping/map2Ref/SRR24967171/NC_003820.1.consensus.fasta
SRR24967171	NC_003821.3	0	0.00	0.0000	False	/data/output/mapping/map2Ref/SRR24967171/NC_003821.3.consensus.fasta
SRR24967171	NC_003849.1	0	0.00	0.0000	False	/data/output/mapping/map2Ref/SRR24967171/NC_003849.1.consensus.fasta
SRR24967171	NC_003870.1	0	0.00	0.0000	False	/data/output/mapping/map2Ref/SRR24967171/NC_003870.1.consensus.fasta
SRR24967171	NC_004010.1	0	0.00	0.0000	False	/data/output/mapping/map2Ref/SRR24967171/NC_004010.1.consensus.fasta
SRR24967171	NC_004011.1	0	0.00	0.0000	False	/data/output/mapping/map2Ref/SRR24967171/NC_004011.1.consensus.fasta
SRR24967171	NC_004013.1	0	0.00	0.0000	False	/data/output/mapping/map2Ref/SRR24967171/NC_004013.1.consensus.fasta
SRR24967171	NC_004035.1	0	0.00	0.0000	False	/data/output/mapping/map2Ref/SRR24967171/NC_004035.1.consensus.fasta
SRR24967171	NC_004039.1	0	0.00	0.0000	False	/data/output/mapping/map2Ref/SRR24967171/NC_004039.1.consensus.fasta
SRR24967171	NC_004047.1	0	0.00	0.0000	False	/data/output/mapping/map2Ref/SRR24967171/NC_004047.1.consensus.fasta
SRR24967171	NC_004067.1	240	0.85	1.2905	False	/data/output/mapping/map2Ref/SRR24967171/NC_004067.1.consensus.fasta
SRR24967171	NC_004322.1	0	0.00	0.0000	False	/data/output/mapping/map2Ref/SRR24967171/NC_004322.1.consensus.fasta
SRR24967171	NC_004426.1	0	0.00	0.0000	False	/data/output/mapping/map2Ref/SRR24967171/NC_004426.1.consensus.fasta
SRR24967171	NC_004450.1	0	0.00	0.0000	False	/data/output/mapping/map2Ref/SRR24967171/NC_004450.1.consensus.fasta
SRR24967171	NC_004452.3	0	0.00	0.0000	False	/data/output/mapping/map2Ref/SRR24967171/NC_004452.3.consensus.fasta
SRR24967171	NC_004540.1	0	0.00	0.0000	False	/data/output/mapping/map2Ref/SRR24967171/NC_004540.1.consensus.fasta
SRR24967171	NC_004573.1	0	0.00	0.0000	False	/data/output/mapping/map2Ref/SRR24967171/NC_004573.1.consensus.fasta
SRR24967171	NC_004667.1	0	0.00	0.0000	False	/data/output/mapping/map2Ref/SRR24967171/NC_004667.1.consensus.fasta
SRR24967171	NC_004725.1	0	0.00	0.0000	False	/data/output/mapping/map2Ref/SRR24967171/NC_004725.1.consensus.fasta
SRR24967171	NC_004752.1	0	0.00	0.0000	False	/data/output/mapping/map2Ref/SRR24967171/NC_004752.1.consensus.fasta
SRR24967171	NC_004995.1	0	0.00	0.0000	False	/data/output/mapping/map2Ref/SRR24967171/NC_004995.1.consensus.fasta
SRR24967171	NC_005028.1	0	0.00	0.0000	False	/data/output/mapping/map2Ref/SRR24967171/NC_005028.1.consensus.fasta
SRR24967171	NC_005029.1	0	0.00	0.0000	False	/data/output/mapping/map2Ref/SRR24967171/NC_005029.1.consensus.fasta
SRR24967171	NC_005065.1	0	0.00	0.0000	False	/data/output/mapping/map2Ref/SRR24967171/NC_005065.1.consensus.fasta
SRR24967171	NC_005138.1	0	0.00	0.0000	False	/data/output/mapping/map2Ref/SRR24967171/NC_005138.1.consensus.fasta
SRR24967171	NC_005285.1	0	0.00	0.0000	False	/data/output/mapping/map2Ref/SRR24967171/NC_005285.1.consensus.fasta
SRR24967171	NC_005286.1	0	0.00	0.0000	False	/data/output/mapping/map2Ref/SRR24967171/NC_005286.1.consensus.fasta
SRR24967171	NC_005287.1	0	0.00	0.0000	False	/data/output/mapping/map2Ref/SRR24967171/NC_005287.1.consensus.fasta
SRR24967171	NC_005288.1	0	0.00	0.0000	False	/data/output/mapping/map2Ref/SRR24967171/NC_005288.1.consensus.fasta
SRR24967171	NC_005289.1	0	0.00	0.0000	False	/data/output/mapping/map2Ref/SRR24967171/NC_005289.1.consensus.fasta
SRR24967171	NC_005304.1	0	0.00	0.0000	False	/data/output/mapping/map2Ref/SRR24967171/NC_005304.1.consensus.fasta
SRR24967171	NC_005343.1	0	0.00	0.0000	False	/data/output/mapping/map2Ref/SRR24967171/NC_005343.1.consensus.fasta
SRR24967171	NC_005778.1	0	0.00	0.0000	False	/data/output/mapping/map2Ref/SRR24967171/NC_005778.1.consensus.fasta
SRR24967171	NC_005985.1	0	0.00	0.0000	False	/data/output/mapping/map2Ref/SRR24967171/NC_005985.1.consensus.fasta
SRR24967171	NC_006059.1	0	0.00	0.0000	False	/data/output/mapping/map2Ref/SRR24967171/NC_006059.1.consensus.fasta
SRR24967171	NC_006060.1	0	0.00	0.0000	False	/data/output/mapping/map2Ref/SRR24967171/NC_006060.1.consensus.fasta
SRR24967171	NC_006262.1	0	0.00	0.0000	False	/data/output/mapping/map2Ref/SRR24967171/NC_006262.1.consensus.fasta
SRR24967171	NC_006550.1	0	0.00	0.0000	False	/data/output/mapping/map2Ref/SRR24967171/NC_006550.1.consensus.fasta
SRR24967171	NC_006939.1	0	0.00	0.0000	False	/data/output/mapping/map2Ref/SRR24967171/NC_006939.1.consensus.fasta
SRR24967171	NC_006943.1	0	0.00	0.0000	False	/data/output/mapping/map2Ref/SRR24967171/NC_006943.1.consensus.fasta
SRR24967171	NC_006948.1	0	0.00	0.0000	False	/data/output/mapping/map2Ref/SRR24967171/NC_006948.1.consensus.fasta
SRR24967171	NC_006955.1	0	0.00	0.0000	False	/data/output/mapping/map2Ref/SRR24967171/NC_006955.1.consensus.fasta
SRR24967171	NC_007002.1	0	0.00	0.0000	False	/data/output/mapping/map2Ref/SRR24967171/NC_007002.1.consensus.fasta
SRR24967171	NC_007003.1	0	0.00	0.0000	False	/data/output/mapping/map2Ref/SRR24967171/NC_007003.1.consensus.fasta
SRR24967171	NC_007017.2	0	0.00	0.0000	False	/data/output/mapping/map2Ref/SRR24967171/NC_007017.2.consensus.fasta
SRR24967171	NC_007069.1	0	0.00	0.0000	False	/data/output/mapping/map2Ref/SRR24967171/NC_007069.1.consensus.fasta
SRR24967171	NC_007147.1	0	0.00	0.0000	False	/data/output/mapping/map2Ref/SRR24967171/NC_007147.1.consensus.fasta
SRR24967171	NC_007180.1	0	0.00	0.0000	False	/data/output/mapping/map2Ref/SRR24967171/NC_007180.1.consensus.fasta
SRR24967171	NC_007192.1	0	0.00	0.0000	False	/data/output/mapping/map2Ref/SRR24967171/NC_007192.1.consensus.fasta
SRR24967171	NC_007216.1	0	0.00	0.0000	False	/data/output/mapping/map2Ref/SRR24967171/NC_007216.1.consensus.fasta
SRR24967171	NC_007289.1	0	0.00	0.0000	False	/data/output/mapping/map2Ref/SRR24967171/NC_007289.1.consensus.fasta
SRR24967171	NC_007408.1	0	0.00	0.0000	False	/data/output/mapping/map2Ref/SRR24967171/NC_007408.1.consensus.fasta
SRR24967171	NC_007433.1	0	0.00	0.0000	False	/data/output/mapping/map2Ref/SRR24967171/NC_007433.1.consensus.fasta
SRR24967171	NC_007647.1	0	0.00	0.0000	False	/data/output/mapping/map2Ref/SRR24967171/NC_007647.1.consensus.fasta
SRR24967171	NC_007648.1	0	0.00	0.0000	False	/data/output/mapping/map2Ref/SRR24967171/NC_007648.1.consensus.fasta
SRR24967171	NC_007649.1	0	0.00	0.0000	False	/data/output/mapping/map2Ref/SRR24967171/NC_007649.1.consensus.fasta
SRR24967171	NC_007679.1	0	0.00	0.0000	False	/data/output/mapping/map2Ref/SRR24967171/NC_007679.1.consensus.fasta
SRR24967171	NC_007728.1	0	0.00	0.0000	False	/data/output/mapping/map2Ref/SRR24967171/NC_007728.1.consensus.fasta
SRR24967171	NC_007729.1	0	0.00	0.0000	False	/data/output/mapping/map2Ref/SRR24967171/NC_007729.1.consensus.fasta
SRR24967171	NC_007731.1	0	0.00	0.0000	False	/data/output/mapping/map2Ref/SRR24967171/NC_007731.1.consensus.fasta
SRR24967171	NC_007733.2	0	0.00	0.0000	False	/data/output/mapping/map2Ref/SRR24967171/NC_007733.2.consensus.fasta
SRR24967171	NC_007816.2	0	0.00	0.0000	False	/data/output/mapping/map2Ref/SRR24967171/NC_007816.2.consensus.fasta
SRR24967171	NC_007913.1	0	0.00	0.0000	False	/data/output/mapping/map2Ref/SRR24967171/NC_007913.1.consensus.fasta
SRR24967171	NC_008017.1	0	0.00	0.0000	False	/data/output/mapping/map2Ref/SRR24967171/NC_008017.1.consensus.fasta
SRR24967171	NC_008018.1	0	0.00	0.0000	False	/data/output/mapping/map2Ref/SRR24967171/NC_008018.1.consensus.fasta
SRR24967171	NC_008020.1	0	0.00	0.0000	False	/data/output/mapping/map2Ref/SRR24967171/NC_008020.1.consensus.fasta
SRR24967171	NC_008028.1	0	0.00	0.0000	False	/data/output/mapping/map2Ref/SRR24967171/NC_008028.1.consensus.fasta
SRR24967171	NC_008034.1	0	0.00	0.0000	False	/data/output/mapping/map2Ref/SRR24967171/NC_008034.1.consensus.fasta
SRR24967171	NC_008182.1	0	0.00	0.0000	False	/data/output/mapping/map2Ref/SRR24967171/NC_008182.1.consensus.fasta
SRR24967171	NC_008251.1	0	0.00	0.0000	False	/data/output/mapping/map2Ref/SRR24967171/NC_008251.1.consensus.fasta
SRR24967171	NC_008266.1	0	0.00	0.0000	False	/data/output/mapping/map2Ref/SRR24967171/NC_008266.1.consensus.fasta
SRR24967171	NC_008292.1	0	0.00	0.0000	False	/data/output/mapping/map2Ref/SRR24967171/NC_008292.1.consensus.fasta
SRR24967171	NC_008393.1	0	0.00	0.0000	False	/data/output/mapping/map2Ref/SRR24967171/NC_008393.1.consensus.fasta
SRR24967171	NC_008552.1	0	0.00	0.0000	False	/data/output/mapping/map2Ref/SRR24967171/NC_008552.1.consensus.fasta
SRR24967171	NC_008824.1	0	0.00	0.0000	False	/data/output/mapping/map2Ref/SRR24967171/NC_008824.1.consensus.fasta
SRR24967171	NC_009017.1	0	0.00	0.0000	False	/data/output/mapping/map2Ref/SRR24967171/NC_009017.1.consensus.fasta
SRR24967171	NC_009087.2	0	0.00	0.0000	False	/data/output/mapping/map2Ref/SRR24967171/NC_009087.2.consensus.fasta
SRR24967171	NC_009383.1	0	0.00	0.0000	False	/data/output/mapping/map2Ref/SRR24967171/NC_009383.1.consensus.fasta
SRR24967171	NC_009533.1	0	0.00	0.0000	False	/data/output/mapping/map2Ref/SRR24967171/NC_009533.1.consensus.fasta
SRR24967171	NC_009741.1	0	0.00	0.0000	False	/data/output/mapping/map2Ref/SRR24967171/NC_009741.1.consensus.fasta
SRR24967171	NC_009742.1	0	0.00	0.0000	False	/data/output/mapping/map2Ref/SRR24967171/NC_009742.1.consensus.fasta
SRR24967171	NC_009744.1	0	0.00	0.0000	False	/data/output/mapping/map2Ref/SRR24967171/NC_009744.1.consensus.fasta
SRR24967171	NC_009745.1	0	0.00	0.0000	False	/data/output/mapping/map2Ref/SRR24967171/NC_009745.1.consensus.fasta
SRR24967171	NC_009759.1	0	0.00	0.0000	False	/data/output/mapping/map2Ref/SRR24967171/NC_009759.1.consensus.fasta
SRR24967171	NC_009764.1	0	0.00	0.0000	False	/data/output/mapping/map2Ref/SRR24967171/NC_009764.1.consensus.fasta
SRR24967171	NC_009892.1	0	0.00	0.0000	False	/data/output/mapping/map2Ref/SRR24967171/NC_009892.1.consensus.fasta
SRR24967171	NC_009991.1	0	0.00	0.0000	False	/data/output/mapping/map2Ref/SRR24967171/NC_009991.1.consensus.fasta
SRR24967171	NC_009992.1	0	0.00	0.0000	False	/data/output/mapping/map2Ref/SRR24967171/NC_009992.1.consensus.fasta
SRR24967171	NC_009994.1	0	0.00	0.0000	False	/data/output/mapping/map2Ref/SRR24967171/NC_009994.1.consensus.fasta
SRR24967171	NC_009995.1	0	0.00	0.0000	False	/data/output/mapping/map2Ref/SRR24967171/NC_009995.1.consensus.fasta
SRR24967171	NC_010178.1	0	0.00	0.0000	False	/data/output/mapping/map2Ref/SRR24967171/NC_010178.1.consensus.fasta
SRR24967171	NC_010295.1	0	0.00	0.0000	False	/data/output/mapping/map2Ref/SRR24967171/NC_010295.1.consensus.fasta
SRR24967171	NC_010305.1	0	0.00	0.0000	False	/data/output/mapping/map2Ref/SRR24967171/NC_010305.1.consensus.fasta
SRR24967171	NC_010416.1	0	0.00	0.0000	False	/data/output/mapping/map2Ref/SRR24967171/NC_010416.1.consensus.fasta
SRR24967171	NC_010538.1	0	0.00	0.0000	False	/data/output/mapping/map2Ref/SRR24967171/NC_010538.1.consensus.fasta
SRR24967171	NC_010735.1	0	0.00	0.0000	False	/data/output/mapping/map2Ref/SRR24967171/NC_010735.1.consensus.fasta
SRR24967171	NC_010736.1	0	0.00	0.0000	False	/data/output/mapping/map2Ref/SRR24967171/NC_010736.1.consensus.fasta
SRR24967171	NC_010832.1	0	0.00	0.0000	False	/data/output/mapping/map2Ref/SRR24967171/NC_010832.1.consensus.fasta
SRR24967171	NC_010954.1	0	0.00	0.0000	False	/data/output/mapping/map2Ref/SRR24967171/NC_010954.1.consensus.fasta
SRR24967171	NC_011097.2	0	0.00	0.0000	False	/data/output/mapping/map2Ref/SRR24967171/NC_011097.2.consensus.fasta
SRR24967171	NC_011108.1	0	0.00	0.0000	False	/data/output/mapping/map2Ref/SRR24967171/NC_011108.1.consensus.fasta
SRR24967171	NC_011525.1	0	0.00	0.0000	False	/data/output/mapping/map2Ref/SRR24967171/NC_011525.1.consensus.fasta
SRR24967171	NC_011535.1	0	0.00	0.0000	False	/data/output/mapping/map2Ref/SRR24967171/NC_011535.1.consensus.fasta
SRR24967171	NC_011540.1	0	0.00	0.0000	False	/data/output/mapping/map2Ref/SRR24967171/NC_011540.1.consensus.fasta
SRR24967171	NC_011541.1	0	0.00	0.0000	False	/data/output/mapping/map2Ref/SRR24967171/NC_011541.1.consensus.fasta
SRR24967171	NC_011544.1	0	0.00	0.0000	False	/data/output/mapping/map2Ref/SRR24967171/NC_011544.1.consensus.fasta
SRR24967171	NC_011560.1	144	1.23	0.7325	False	/data/output/mapping/map2Ref/SRR24967171/NC_011560.1.consensus.fasta
SRR24967171	NC_011592.1	0	0.00	0.0000	False	/data/output/mapping/map2Ref/SRR24967171/NC_011592.1.consensus.fasta
SRR24967171	NC_011620.1	0	0.00	0.0000	False	/data/output/mapping/map2Ref/SRR24967171/NC_011620.1.consensus.fasta
SRR24967171	NC_011643.1	0	0.00	0.0000	False	/data/output/mapping/map2Ref/SRR24967171/NC_011643.1.consensus.fasta
SRR24967171	NC_011659.1	0	0.00	0.0000	False	/data/output/mapping/map2Ref/SRR24967171/NC_011659.1.consensus.fasta
SRR24967171	NC_011702.1	0	0.00	0.0000	False	/data/output/mapping/map2Ref/SRR24967171/NC_011702.1.consensus.fasta
SRR24967171	NC_011918.1	0	0.00	0.0000	False	/data/output/mapping/map2Ref/SRR24967171/NC_011918.1.consensus.fasta
SRR24967171	NC_012038.1	0	0.00	0.0000	False	/data/output/mapping/map2Ref/SRR24967171/NC_012038.1.consensus.fasta
SRR24967171	NC_012210.1	0	0.00	0.0000	False	/data/output/mapping/map2Ref/SRR24967171/NC_012210.1.consensus.fasta
SRR24967171	NC_012211.2	0	0.00	0.0000	False	/data/output/mapping/map2Ref/SRR24967171/NC_012211.2.consensus.fasta
SRR24967171	NC_012519.1	0	0.00	0.0000	False	/data/output/mapping/map2Ref/SRR24967171/NC_012519.1.consensus.fasta
SRR24967171	NC_012728.1	0	0.00	0.0000	False	/data/output/mapping/map2Ref/SRR24967171/NC_012728.1.consensus.fasta
SRR24967171	NC_012869.1	0	0.00	0.0000	False	/data/output/mapping/map2Ref/SRR24967171/NC_012869.1.consensus.fasta
SRR24967171	NC_013006.1	0	0.00	0.0000	False	/data/output/mapping/map2Ref/SRR24967171/NC_013006.1.consensus.fasta
SRR24967171	NC_013261.1	0	0.00	0.0000	False	/data/output/mapping/map2Ref/SRR24967171/NC_013261.1.consensus.fasta
SRR24967171	NC_013262.1	0	0.00	0.0000	False	/data/output/mapping/map2Ref/SRR24967171/NC_013262.1.consensus.fasta
SRR24967171	NC_013447.1	0	0.00	0.0000	False	/data/output/mapping/map2Ref/SRR24967171/NC_013447.1.consensus.fasta
SRR24967171	NC_013455.1	0	0.00	0.0000	False	/data/output/mapping/map2Ref/SRR24967171/NC_013455.1.consensus.fasta
SRR24967171	NC_013527.1	0	0.00	0.0000	False	/data/output/mapping/map2Ref/SRR24967171/NC_013527.1.consensus.fasta
SRR24967171	NC_014038.1	0	0.00	0.0000	False	/data/output/mapping/map2Ref/SRR24967171/NC_014038.1.consensus.fasta
SRR24967171	NC_014064.1	0	0.00	0.0000	False	/data/output/mapping/map2Ref/SRR24967171/NC_014064.1.consensus.fasta
SRR24967171	NC_014252.1	0	0.00	0.0000	False	/data/output/mapping/map2Ref/SRR24967171/NC_014252.1.consensus.fasta
SRR24967171	NC_014325.1	83	0.43	0.3091	False	/data/output/mapping/map2Ref/SRR24967171/NC_014325.1.consensus.fasta
SRR24967171	NC_014327.1	0	0.00	0.0000	False	/data/output/mapping/map2Ref/SRR24967171/NC_014327.1.consensus.fasta
SRR24967171	NC_014536.1	0	0.00	0.0000	False	/data/output/mapping/map2Ref/SRR24967171/NC_014536.1.consensus.fasta
SRR24967171	NC_014648.1	0	0.00	0.0000	False	/data/output/mapping/map2Ref/SRR24967171/NC_014648.1.consensus.fasta
SRR24967171	NC_014730.1	0	0.00	0.0000	False	/data/output/mapping/map2Ref/SRR24967171/NC_014730.1.consensus.fasta
SRR24967171	NC_014742.1	0	0.00	0.0000	False	/data/output/mapping/map2Ref/SRR24967171/NC_014742.1.consensus.fasta
SRR24967171	NC_014790.2	0	0.00	0.0000	False	/data/output/mapping/map2Ref/SRR24967171/NC_014790.2.consensus.fasta
SRR24967171	NC_014821.1	0	0.00	0.0000	False	/data/output/mapping/map2Ref/SRR24967171/NC_014821.1.consensus.fasta
SRR24967171	NC_014898.1	0	0.00	0.0000	False	/data/output/mapping/map2Ref/SRR24967171/NC_014898.1.consensus.fasta
SRR24967171	NC_014905.1	0	0.00	0.0000	False	/data/output/mapping/map2Ref/SRR24967171/NC_014905.1.consensus.fasta
SRR24967171	NC_014967.1	0	0.00	0.0000	False	/data/output/mapping/map2Ref/SRR24967171/NC_014967.1.consensus.fasta
SRR24967171	NC_015227.2	0	0.00	0.0000	False	/data/output/mapping/map2Ref/SRR24967171/NC_015227.2.consensus.fasta
SRR24967171	NC_015393.1	0	0.00	0.0000	False	/data/output/mapping/map2Ref/SRR24967171/NC_015393.1.consensus.fasta
SRR24967171	NC_015394.2	0	0.00	0.0000	False	/data/output/mapping/map2Ref/SRR24967171/NC_015394.2.consensus.fasta
SRR24967171	NC_015502.1	0	0.00	0.0000	False	/data/output/mapping/map2Ref/SRR24967171/NC_015502.1.consensus.fasta
SRR24967171	NC_015503.1	0	0.00	0.0000	False	/data/output/mapping/map2Ref/SRR24967171/NC_015503.1.consensus.fasta
SRR24967171	NC_015504.1	0	0.00	0.0000	False	/data/output/mapping/map2Ref/SRR24967171/NC_015504.1.consensus.fasta
SRR24967171	NC_015505.1	0	0.00	0.0000	False	/data/output/mapping/map2Ref/SRR24967171/NC_015505.1.consensus.fasta
SRR24967171	NC_015506.1	0	0.00	0.0000	False	/data/output/mapping/map2Ref/SRR24967171/NC_015506.1.consensus.fasta
SRR24967171	NC_015507.1	0	0.00	0.0000	False	/data/output/mapping/map2Ref/SRR24967171/NC_015507.1.consensus.fasta
SRR24967171	NC_015655.1	0	0.00	0.0000	False	/data/output/mapping/map2Ref/SRR24967171/NC_015655.1.consensus.fasta
SRR24967171	NC_015784.2	0	0.00	0.0000	False	/data/output/mapping/map2Ref/SRR24967171/NC_015784.2.consensus.fasta
SRR24967171	NC_016003.1	0	0.00	0.0000	False	/data/output/mapping/map2Ref/SRR24967171/NC_016003.1.consensus.fasta
SRR24967171	NC_016044.1	0	0.00	0.0000	False	/data/output/mapping/map2Ref/SRR24967171/NC_016044.1.consensus.fasta
SRR24967171	NC_016080.1	0	0.00	0.0000	False	/data/output/mapping/map2Ref/SRR24967171/NC_016080.1.consensus.fasta
SRR24967171	NC_016081.1	0	0.00	0.0000	False	/data/output/mapping/map2Ref/SRR24967171/NC_016081.1.consensus.fasta
SRR24967171	NC_016159.1	0	0.00	0.0000	False	/data/output/mapping/map2Ref/SRR24967171/NC_016159.1.consensus.fasta
SRR24967171	NC_016416.1	0	0.00	0.0000	False	/data/output/mapping/map2Ref/SRR24967171/NC_016416.1.consensus.fasta
SRR24967171	NC_016417.1	0	0.00	0.0000	False	/data/output/mapping/map2Ref/SRR24967171/NC_016417.1.consensus.fasta
SRR24967171	NC_016440.1	144	0.44	0.5140	False	/data/output/mapping/map2Ref/SRR24967171/NC_016440.1.consensus.fasta
SRR24967171	NC_016441.1	0	0.00	0.0000	False	/data/output/mapping/map2Ref/SRR24967171/NC_016441.1.consensus.fasta
SRR24967171	NC_016443.1	0	0.00	0.0000	False	/data/output/mapping/map2Ref/SRR24967171/NC_016443.1.consensus.fasta
SRR24967171	NC_016509.1	0	0.00	0.0000	False	/data/output/mapping/map2Ref/SRR24967171/NC_016509.1.consensus.fasta
SRR24967171	NC_016648.1	0	0.00	0.0000	False	/data/output/mapping/map2Ref/SRR24967171/NC_016648.1.consensus.fasta
SRR24967171	NC_017824.1	0	0.00	0.0000	False	/data/output/mapping/map2Ref/SRR24967171/NC_017824.1.consensus.fasta
SRR24967171	NC_017830.1	0	0.00	0.0000	False	/data/output/mapping/map2Ref/SRR24967171/NC_017830.1.consensus.fasta
SRR24967171	NC_017859.1	0	0.00	0.0000	False	/data/output/mapping/map2Ref/SRR24967171/NC_017859.1.consensus.fasta
SRR24967171	NC_017967.1	0	0.00	0.0000	False	/data/output/mapping/map2Ref/SRR24967171/NC_017967.1.consensus.fasta
SRR24967171	NC_017970.1	0	0.00	0.0000	False	/data/output/mapping/map2Ref/SRR24967171/NC_017970.1.consensus.fasta
SRR24967171	NC_017977.1	0	0.00	0.0000	False	/data/output/mapping/map2Ref/SRR24967171/NC_017977.1.consensus.fasta
SRR24967171	NC_018093.1	0	0.00	0.0000	False	/data/output/mapping/map2Ref/SRR24967171/NC_018093.1.consensus.fasta
SRR24967171	NC_018105.1	0	0.00	0.0000	False	/data/output/mapping/map2Ref/SRR24967171/NC_018105.1.consensus.fasta
SRR24967171	NC_018175.1	0	0.00	0.0000	False	/data/output/mapping/map2Ref/SRR24967171/NC_018175.1.consensus.fasta
SRR24967171	NC_018176.1	0	0.00	0.0000	False	/data/output/mapping/map2Ref/SRR24967171/NC_018176.1.consensus.fasta
SRR24967171	NC_018448.1	0	0.00	0.0000	False	/data/output/mapping/map2Ref/SRR24967171/NC_018448.1.consensus.fasta
SRR24967171	NC_018455.1	0	0.00	0.0000	False	/data/output/mapping/map2Ref/SRR24967171/NC_018455.1.consensus.fasta
SRR24967171	NC_018714.1	0	0.00	0.0000	False	/data/output/mapping/map2Ref/SRR24967171/NC_018714.1.consensus.fasta
SRR24967171	NC_018833.1	0	0.00	0.0000	False	/data/output/mapping/map2Ref/SRR24967171/NC_018833.1.consensus.fasta
SRR24967171	NC_018872.2	0	0.00	0.0000	False	/data/output/mapping/map2Ref/SRR24967171/NC_018872.2.consensus.fasta
SRR24967171	NC_019025.1	0	0.00	0.0000	False	/data/output/mapping/map2Ref/SRR24967171/NC_019025.1.consensus.fasta
SRR24967171	NC_019412.1	0	0.00	0.0000	False	/data/output/mapping/map2Ref/SRR24967171/NC_019412.1.consensus.fasta
SRR24967171	NC_019415.1	0	0.00	0.0000	False	/data/output/mapping/map2Ref/SRR24967171/NC_019415.1.consensus.fasta
SRR24967171	NC_019493.1	0	0.00	0.0000	False	/data/output/mapping/map2Ref/SRR24967171/NC_019493.1.consensus.fasta
SRR24967171	NC_020072.1	0	0.00	0.0000	False	/data/output/mapping/map2Ref/SRR24967171/NC_020072.1.consensus.fasta
SRR24967171	NC_020073.2	0	0.00	0.0000	False	/data/output/mapping/map2Ref/SRR24967171/NC_020073.2.consensus.fasta
SRR24967171	NC_020105.1	0	0.00	0.0000	False	/data/output/mapping/map2Ref/SRR24967171/NC_020105.1.consensus.fasta
SRR24967171	NC_020415.1	0	0.00	0.0000	False	/data/output/mapping/map2Ref/SRR24967171/NC_020415.1.consensus.fasta
SRR24967171	NC_020469.1	0	0.00	0.0000	False	/data/output/mapping/map2Ref/SRR24967171/NC_020469.1.consensus.fasta
SRR24967171	NC_020896.1	0	0.00	0.0000	False	/data/output/mapping/map2Ref/SRR24967171/NC_020896.1.consensus.fasta
SRR24967171	NC_020996.1	0	0.00	0.0000	False	/data/output/mapping/map2Ref/SRR24967171/NC_020996.1.consensus.fasta
SRR24967171	NC_021065.1	0	0.00	0.0000	False	/data/output/mapping/map2Ref/SRR24967171/NC_021065.1.consensus.fasta
SRR24967171	NC_021197.1	0	0.00	0.0000	False	/data/output/mapping/map2Ref/SRR24967171/NC_021197.1.consensus.fasta
SRR24967171	NC_021705.2	0	0.00	0.0000	False	/data/output/mapping/map2Ref/SRR24967171/NC_021705.2.consensus.fasta
SRR24967171	NC_021786.1	0	0.00	0.0000	False	/data/output/mapping/map2Ref/SRR24967171/NC_021786.1.consensus.fasta
SRR24967171	NC_021926.1	0	0.00	0.0000	False	/data/output/mapping/map2Ref/SRR24967171/NC_021926.1.consensus.fasta
SRR24967171	NC_022072.1	0	0.00	0.0000	False	/data/output/mapping/map2Ref/SRR24967171/NC_022072.1.consensus.fasta
SRR24967171	NC_022365.1	0	0.00	0.0000	False	/data/output/mapping/map2Ref/SRR24967171/NC_022365.1.consensus.fasta
SRR24967171	NC_022619.1	0	0.00	0.0000	False	/data/output/mapping/map2Ref/SRR24967171/NC_022619.1.consensus.fasta
SRR24967171	NC_022895.1	0	0.00	0.0000	False	/data/output/mapping/map2Ref/SRR24967171/NC_022895.1.consensus.fasta
SRR24967171	NC_023014.1	0	0.00	0.0000	False	/data/output/mapping/map2Ref/SRR24967171/NC_023014.1.consensus.fasta
SRR24967171	NC_023175.1	115	0.36	0.3893	False	/data/output/mapping/map2Ref/SRR24967171/NC_023175.1.consensus.fasta
SRR24967171	NC_023339.1	0	0.00	0.0000	False	/data/output/mapping/map2Ref/SRR24967171/NC_023339.1.consensus.fasta
SRR24967171	NC_023485.1	0	0.00	0.0000	False	/data/output/mapping/map2Ref/SRR24967171/NC_023485.1.consensus.fasta
SRR24967171	NC_023628.1	0	0.00	0.0000	False	/data/output/mapping/map2Ref/SRR24967171/NC_023628.1.consensus.fasta
SRR24967171	NC_023641.1	0	0.00	0.0000	False	/data/output/mapping/map2Ref/SRR24967171/NC_023641.1.consensus.fasta
SRR24967171	NC_023892.1	0	0.00	0.0000	False	/data/output/mapping/map2Ref/SRR24967171/NC_023892.1.consensus.fasta
SRR24967171	NC_024301.1	0	0.00	0.0000	False	/data/output/mapping/map2Ref/SRR24967171/NC_024301.1.consensus.fasta
SRR24967171	NC_024449.1	0	0.00	0.0000	False	/data/output/mapping/map2Ref/SRR24967171/NC_024449.1.consensus.fasta
SRR24967171	NC_024455.1	0	0.00	0.0000	False	/data/output/mapping/map2Ref/SRR24967171/NC_024455.1.consensus.fasta
SRR24967171	NC_024458.1	0	0.00	0.0000	False	/data/output/mapping/map2Ref/SRR24967171/NC_024458.1.consensus.fasta
SRR24967171	NC_025250.1	0	0.00	0.0000	False	/data/output/mapping/map2Ref/SRR24967171/NC_025250.1.consensus.fasta
SRR24967171	NC_025252.1	0	0.00	0.0000	False	/data/output/mapping/map2Ref/SRR24967171/NC_025252.1.consensus.fasta
SRR24967171	NC_025254.1	0	0.00	0.0000	False	/data/output/mapping/map2Ref/SRR24967171/NC_025254.1.consensus.fasta
SRR24967171	NC_025388.1	0	0.00	0.0000	False	/data/output/mapping/map2Ref/SRR24967171/NC_025388.1.consensus.fasta
SRR24967171	NC_025821.1	1	0.33	0.0033	False	/data/output/mapping/map2Ref/SRR24967171/NC_025821.1.consensus.fasta
SRR24967171	NC_026020.2	0	0.00	0.0000	False	/data/output/mapping/map2Ref/SRR24967171/NC_026020.2.consensus.fasta
SRR24967171	NC_026238.1	0	0.00	0.0000	False	/data/output/mapping/map2Ref/SRR24967171/NC_026238.1.consensus.fasta
SRR24967171	NC_026239.1	0	0.00	0.0000	False	/data/output/mapping/map2Ref/SRR24967171/NC_026239.1.consensus.fasta
SRR24967171	NC_026240.1	0	0.00	0.0000	False	/data/output/mapping/map2Ref/SRR24967171/NC_026240.1.consensus.fasta
SRR24967171	NC_026248.1	0	0.00	0.0000	False	/data/output/mapping/map2Ref/SRR24967171/NC_026248.1.consensus.fasta
SRR24967171	NC_026472.1	0	0.00	0.0000	False	/data/output/mapping/map2Ref/SRR24967171/NC_026472.1.consensus.fasta
SRR24967171	NC_026592.1	0	0.00	0.0000	False	/data/output/mapping/map2Ref/SRR24967171/NC_026592.1.consensus.fasta
SRR24967171	NC_026615.1	0	0.00	0.0000	False	/data/output/mapping/map2Ref/SRR24967171/NC_026615.1.consensus.fasta
SRR24967171	NC_026616.2	0	0.00	0.0000	False	/data/output/mapping/map2Ref/SRR24967171/NC_026616.2.consensus.fasta
SRR24967171	NC_026759.1	0	0.00	0.0000	False	/data/output/mapping/map2Ref/SRR24967171/NC_026759.1.consensus.fasta
SRR24967171	NC_026819.1	0	0.00	0.0000	False	/data/output/mapping/map2Ref/SRR24967171/NC_026819.1.consensus.fasta
SRR24967171	NC_027131.1	0	0.00	0.0000	False	/data/output/mapping/map2Ref/SRR24967171/NC_027131.1.consensus.fasta
SRR24967171	NC_027210.1	0	0.00	0.0000	False	/data/output/mapping/map2Ref/SRR24967171/NC_027210.1.consensus.fasta
SRR24967171	NC_027212.1	0	0.00	0.0000	False	/data/output/mapping/map2Ref/SRR24967171/NC_027212.1.consensus.fasta
SRR24967171	NC_027527.1	0	0.00	0.0000	False	/data/output/mapping/map2Ref/SRR24967171/NC_027527.1.consensus.fasta
SRR24967171	NC_027706.1	0	0.00	0.0000	False	/data/output/mapping/map2Ref/SRR24967171/NC_027706.1.consensus.fasta
SRR24967171	NC_027920.1	0	0.00	0.0000	False	/data/output/mapping/map2Ref/SRR24967171/NC_027920.1.consensus.fasta
SRR24967171	NC_028111.1	0	0.00	0.0000	False	/data/output/mapping/map2Ref/SRR24967171/NC_028111.1.consensus.fasta
SRR24967171	NC_028649.1	0	0.00	0.0000	False	/data/output/mapping/map2Ref/SRR24967171/NC_028649.1.consensus.fasta
SRR24967171	NC_028868.1	0	0.00	0.0000	False	/data/output/mapping/map2Ref/SRR24967171/NC_028868.1.consensus.fasta
SRR24967171	NC_028949.1	0	0.00	0.0000	False	/data/output/mapping/map2Ref/SRR24967171/NC_028949.1.consensus.fasta
SRR24967171	NC_028975.1	0	0.00	0.0000	False	/data/output/mapping/map2Ref/SRR24967171/NC_028975.1.consensus.fasta
SRR24967171	NC_029051.1	12	0.35	0.0386	False	/data/output/mapping/map2Ref/SRR24967171/NC_029051.1.consensus.fasta
SRR24967171	NC_029064.1	0	0.00	0.0000	False	/data/output/mapping/map2Ref/SRR24967171/NC_029064.1.consensus.fasta
SRR24967171	NC_029076.1	0	0.00	0.0000	False	/data/output/mapping/map2Ref/SRR24967171/NC_029076.1.consensus.fasta
SRR24967171	NC_029085.1	0	0.00	0.0000	False	/data/output/mapping/map2Ref/SRR24967171/NC_029085.1.consensus.fasta
SRR24967171	NC_029086.1	0	0.00	0.0000	False	/data/output/mapping/map2Ref/SRR24967171/NC_029086.1.consensus.fasta
SRR24967171	NC_029087.1	0	0.00	0.0000	False	/data/output/mapping/map2Ref/SRR24967171/NC_029087.1.consensus.fasta
SRR24967171	NC_029088.1	0	0.00	0.0000	False	/data/output/mapping/map2Ref/SRR24967171/NC_029088.1.consensus.fasta
SRR24967171	NC_029089.1	0	0.00	0.0000	False	/data/output/mapping/map2Ref/SRR24967171/NC_029089.1.consensus.fasta
SRR24967171	NC_029095.1	0	0.00	0.0000	False	/data/output/mapping/map2Ref/SRR24967171/NC_029095.1.consensus.fasta
SRR24967171	NC_029303.1	0	0.00	0.0000	False	/data/output/mapping/map2Ref/SRR24967171/NC_029303.1.consensus.fasta
SRR24967171	NC_029312.1	0	0.00	0.0000	False	/data/output/mapping/map2Ref/SRR24967171/NC_029312.1.consensus.fasta
SRR24967171	NC_029783.1	0	0.00	0.0000	False	/data/output/mapping/map2Ref/SRR24967171/NC_029783.1.consensus.fasta
SRR24967171	NC_029900.1	0	0.00	0.0000	False	/data/output/mapping/map2Ref/SRR24967171/NC_029900.1.consensus.fasta
SRR24967171	NC_030118.1	0	0.00	0.0000	False	/data/output/mapping/map2Ref/SRR24967171/NC_030118.1.consensus.fasta
SRR24967171	NC_030236.1	0	0.00	0.0000	False	/data/output/mapping/map2Ref/SRR24967171/NC_030236.1.consensus.fasta
SRR24967171	NC_030293.1	0	0.00	0.0000	False	/data/output/mapping/map2Ref/SRR24967171/NC_030293.1.consensus.fasta
SRR24967171	NC_030391.1	0	0.00	0.0000	False	/data/output/mapping/map2Ref/SRR24967171/NC_030391.1.consensus.fasta
SRR24967171	NC_030452.1	0	0.00	0.0000	False	/data/output/mapping/map2Ref/SRR24967171/NC_030452.1.consensus.fasta
SRR24967171	NC_030462.1	0	0.00	0.0000	False	/data/output/mapping/map2Ref/SRR24967171/NC_030462.1.consensus.fasta
SRR24967171	NC_030742.1	0	0.00	0.0000	False	/data/output/mapping/map2Ref/SRR24967171/NC_030742.1.consensus.fasta
SRR24967171	NC_030746.1	0	0.00	0.0000	False	/data/output/mapping/map2Ref/SRR24967171/NC_030746.1.consensus.fasta
SRR24967171	NC_030794.1	0	0.00	0.0000	False	/data/output/mapping/map2Ref/SRR24967171/NC_030794.1.consensus.fasta
SRR24967171	NC_030847.1	0	0.00	0.0000	False	/data/output/mapping/map2Ref/SRR24967171/NC_030847.1.consensus.fasta
SRR24967171	NC_030926.1	0	0.00	0.0000	False	/data/output/mapping/map2Ref/SRR24967171/NC_030926.1.consensus.fasta
SRR24967171	NC_031089.1	0	0.00	0.0000	False	/data/output/mapping/map2Ref/SRR24967171/NC_031089.1.consensus.fasta
SRR24967171	NC_031336.1	0	0.00	0.0000	False	/data/output/mapping/map2Ref/SRR24967171/NC_031336.1.consensus.fasta
SRR24967171	NC_031339.1	0	0.00	0.0000	False	/data/output/mapping/map2Ref/SRR24967171/NC_031339.1.consensus.fasta
SRR24967171	NC_031763.1	0	0.00	0.0000	False	/data/output/mapping/map2Ref/SRR24967171/NC_031763.1.consensus.fasta
SRR24967171	NC_032405.1	0	0.00	0.0000	False	/data/output/mapping/map2Ref/SRR24967171/NC_032405.1.consensus.fasta
SRR24967171	NC_032746.1	0	0.00	0.0000	False	/data/output/mapping/map2Ref/SRR24967171/NC_032746.1.consensus.fasta
SRR24967171	NC_032831.1	0	0.00	0.0000	False	/data/output/mapping/map2Ref/SRR24967171/NC_032831.1.consensus.fasta
SRR24967171	NC_032878.1	0	0.00	0.0000	False	/data/output/mapping/map2Ref/SRR24967171/NC_032878.1.consensus.fasta
SRR24967171	NC_032919.1	0	0.00	0.0000	False	/data/output/mapping/map2Ref/SRR24967171/NC_032919.1.consensus.fasta
SRR24967171	NC_032938.1	0	0.00	0.0000	False	/data/output/mapping/map2Ref/SRR24967171/NC_032938.1.consensus.fasta
SRR24967171	NC_032965.1	0	0.00	0.0000	False	/data/output/mapping/map2Ref/SRR24967171/NC_032965.1.consensus.fasta
SRR24967171	NC_032992.1	0	0.00	0.0000	False	/data/output/mapping/map2Ref/SRR24967171/NC_032992.1.consensus.fasta
SRR24967171	NC_033719.1	0	0.00	0.0000	False	/data/output/mapping/map2Ref/SRR24967171/NC_033719.1.consensus.fasta
SRR24967171	NC_033738.1	0	0.00	0.0000	False	/data/output/mapping/map2Ref/SRR24967171/NC_033738.1.consensus.fasta
SRR24967171	NC_033739.1	0	0.00	0.0000	False	/data/output/mapping/map2Ref/SRR24967171/NC_033739.1.consensus.fasta
SRR24967171	NC_033777.1	0	0.00	0.0000	False	/data/output/mapping/map2Ref/SRR24967171/NC_033777.1.consensus.fasta
SRR24967171	NC_034208.1	0	0.00	0.0000	False	/data/output/mapping/map2Ref/SRR24967171/NC_034208.1.consensus.fasta
SRR24967171	NC_034252.1	0	0.00	0.0000	False	/data/output/mapping/map2Ref/SRR24967171/NC_034252.1.consensus.fasta
SRR24967171	NC_034273.1	0	0.00	0.0000	False	/data/output/mapping/map2Ref/SRR24967171/NC_034273.1.consensus.fasta
SRR24967171	NC_034375.1	0	0.00	0.0000	False	/data/output/mapping/map2Ref/SRR24967171/NC_034375.1.consensus.fasta
SRR24967171	NC_034376.1	0	0.00	0.0000	False	/data/output/mapping/map2Ref/SRR24967171/NC_034376.1.consensus.fasta
SRR24967171	NC_035134.1	0	0.00	0.0000	False	/data/output/mapping/map2Ref/SRR24967171/NC_035134.1.consensus.fasta
SRR24967171	NC_035190.1	0	0.00	0.0000	False	/data/output/mapping/map2Ref/SRR24967171/NC_035190.1.consensus.fasta
SRR24967171	NC_035205.1	0	0.00	0.0000	False	/data/output/mapping/map2Ref/SRR24967171/NC_035205.1.consensus.fasta
SRR24967171	NC_035458.1	0	0.00	0.0000	False	/data/output/mapping/map2Ref/SRR24967171/NC_035458.1.consensus.fasta
SRR24967171	NC_035459.1	0	0.00	0.0000	False	/data/output/mapping/map2Ref/SRR24967171/NC_035459.1.consensus.fasta
SRR24967171	NC_035472.1	0	0.00	0.0000	False	/data/output/mapping/map2Ref/SRR24967171/NC_035472.1.consensus.fasta
SRR24967171	NC_035674.1	0	0.00	0.0000	False	/data/output/mapping/map2Ref/SRR24967171/NC_035674.1.consensus.fasta
SRR24967171	NC_036587.1	0	0.00	0.0000	False	/data/output/mapping/map2Ref/SRR24967171/NC_036587.1.consensus.fasta
SRR24967171	NC_036802.1	0	0.00	0.0000	False	/data/output/mapping/map2Ref/SRR24967171/NC_036802.1.consensus.fasta
SRR24967171	NC_037051.1	0	0.00	0.0000	False	/data/output/mapping/map2Ref/SRR24967171/NC_037051.1.consensus.fasta
SRR24967171	NC_038322.1	0	0.00	0.0000	False	/data/output/mapping/map2Ref/SRR24967171/NC_038322.1.consensus.fasta
SRR24967171	NC_038323.1	0	0.00	0.0000	False	/data/output/mapping/map2Ref/SRR24967171/NC_038323.1.consensus.fasta
SRR24967171	NC_038324.1	0	0.00	0.0000	False	/data/output/mapping/map2Ref/SRR24967171/NC_038324.1.consensus.fasta
SRR24967171	NC_038378.1	10517	0.90	54.2635	False	/data/output/mapping/map2Ref/SRR24967171/NC_038378.1.consensus.fasta
SRR24967171	NC_038380.1	0	0.00	0.0000	False	/data/output/mapping/map2Ref/SRR24967171/NC_038380.1.consensus.fasta
SRR24967171	NC_038381.1	0	0.00	0.0000	False	/data/output/mapping/map2Ref/SRR24967171/NC_038381.1.consensus.fasta
SRR24967171	NC_038382.1	0	0.00	0.0000	False	/data/output/mapping/map2Ref/SRR24967171/NC_038382.1.consensus.fasta
SRR24967171	NC_038422.1	0	0.00	0.0000	False	/data/output/mapping/map2Ref/SRR24967171/NC_038422.1.consensus.fasta
SRR24967171	NC_038560.1	0	0.00	0.0000	False	/data/output/mapping/map2Ref/SRR24967171/NC_038560.1.consensus.fasta
SRR24967171	NC_038561.1	0	0.00	0.0000	False	/data/output/mapping/map2Ref/SRR24967171/NC_038561.1.consensus.fasta
SRR24967171	NC_038562.1	0	0.00	0.0000	False	/data/output/mapping/map2Ref/SRR24967171/NC_038562.1.consensus.fasta
SRR24967171	NC_038563.1	0	0.00	0.0000	False	/data/output/mapping/map2Ref/SRR24967171/NC_038563.1.consensus.fasta
SRR24967171	NC_038690.1	0	0.00	0.0000	False	/data/output/mapping/map2Ref/SRR24967171/NC_038690.1.consensus.fasta
SRR24967171	NC_038691.1	0	0.00	0.0000	False	/data/output/mapping/map2Ref/SRR24967171/NC_038691.1.consensus.fasta
SRR24967171	NC_038692.1	0	0.00	0.0000	False	/data/output/mapping/map2Ref/SRR24967171/NC_038692.1.consensus.fasta
SRR24967171	NC_038693.1	0	0.00	0.0000	False	/data/output/mapping/map2Ref/SRR24967171/NC_038693.1.consensus.fasta
SRR24967171	NC_038865.1	0	0.00	0.0000	False	/data/output/mapping/map2Ref/SRR24967171/NC_038865.1.consensus.fasta
SRR24967171	NC_038927.1	0	0.00	0.0000	False	/data/output/mapping/map2Ref/SRR24967171/NC_038927.1.consensus.fasta
SRR24967171	NC_038966.1	0	0.00	0.0000	False	/data/output/mapping/map2Ref/SRR24967171/NC_038966.1.consensus.fasta
SRR24967171	NC_038984.1	0	0.00	0.0000	False	/data/output/mapping/map2Ref/SRR24967171/NC_038984.1.consensus.fasta
SRR24967171	NC_038986.1	6	1.65	0.0828	False	/data/output/mapping/map2Ref/SRR24967171/NC_038986.1.consensus.fasta
SRR24967171	NC_038987.1	0	0.00	0.0000	False	/data/output/mapping/map2Ref/SRR24967171/NC_038987.1.consensus.fasta
SRR24967171	NC_038995.1	0	0.00	0.0000	False	/data/output/mapping/map2Ref/SRR24967171/NC_038995.1.consensus.fasta
SRR24967171	NC_039088.1	0	0.00	0.0000	False	/data/output/mapping/map2Ref/SRR24967171/NC_039088.1.consensus.fasta
SRR24967171	NC_039216.1	0	0.00	0.0000	False	/data/output/mapping/map2Ref/SRR24967171/NC_039216.1.consensus.fasta
SRR24967171	NC_039217.1	0	0.00	0.0000	False	/data/output/mapping/map2Ref/SRR24967171/NC_039217.1.consensus.fasta
SRR24967171	NC_040552.1	0	0.00	0.0000	False	/data/output/mapping/map2Ref/SRR24967171/NC_040552.1.consensus.fasta
SRR24967171	NC_040558.1	0	0.00	0.0000	False	/data/output/mapping/map2Ref/SRR24967171/NC_040558.1.consensus.fasta
SRR24967171	NC_040622.1	0	0.00	0.0000	False	/data/output/mapping/map2Ref/SRR24967171/NC_040622.1.consensus.fasta
SRR24967171	NC_040633.1	0	0.00	0.0000	False	/data/output/mapping/map2Ref/SRR24967171/NC_040633.1.consensus.fasta
SRR24967171	NC_040635.1	0	0.00	0.0000	False	/data/output/mapping/map2Ref/SRR24967171/NC_040635.1.consensus.fasta
SRR24967171	NC_040644.1	8	0.49	0.0384	False	/data/output/mapping/map2Ref/SRR24967171/NC_040644.1.consensus.fasta
SRR24967171	NC_040650.1	0	0.00	0.0000	False	/data/output/mapping/map2Ref/SRR24967171/NC_040650.1.consensus.fasta
SRR24967171	NC_040692.1	0	0.00	0.0000	False	/data/output/mapping/map2Ref/SRR24967171/NC_040692.1.consensus.fasta
SRR24967171	NC_040693.1	0	0.00	0.0000	False	/data/output/mapping/map2Ref/SRR24967171/NC_040693.1.consensus.fasta
SRR24967171	NC_040703.1	0	0.00	0.0000	False	/data/output/mapping/map2Ref/SRR24967171/NC_040703.1.consensus.fasta
SRR24967171	NC_040704.1	0	0.00	0.0000	False	/data/output/mapping/map2Ref/SRR24967171/NC_040704.1.consensus.fasta
SRR24967171	NC_040712.1	2	2.46	0.0246	False	/data/output/mapping/map2Ref/SRR24967171/NC_040712.1.consensus.fasta
SRR24967171	NC_040794.1	0	0.00	0.0000	False	/data/output/mapping/map2Ref/SRR24967171/NC_040794.1.consensus.fasta
SRR24967171	NC_040799.1	0	0.00	0.0000	False	/data/output/mapping/map2Ref/SRR24967171/NC_040799.1.consensus.fasta
SRR24967171	NC_040802.1	0	0.00	0.0000	False	/data/output/mapping/map2Ref/SRR24967171/NC_040802.1.consensus.fasta
SRR24967171	NC_040807.1	0	0.00	0.0000	False	/data/output/mapping/map2Ref/SRR24967171/NC_040807.1.consensus.fasta
SRR24967171	NC_040808.1	0	0.00	0.0000	False	/data/output/mapping/map2Ref/SRR24967171/NC_040808.1.consensus.fasta
SRR24967171	NC_040809.1	0	0.00	0.0000	False	/data/output/mapping/map2Ref/SRR24967171/NC_040809.1.consensus.fasta
SRR24967171	NC_040825.1	0	0.00	0.0000	False	/data/output/mapping/map2Ref/SRR24967171/NC_040825.1.consensus.fasta
SRR24967171	NC_040842.1	0	0.00	0.0000	False	/data/output/mapping/map2Ref/SRR24967171/NC_040842.1.consensus.fasta
SRR24967171	NC_043079.1	0	0.00	0.0000	False	/data/output/mapping/map2Ref/SRR24967171/NC_043079.1.consensus.fasta
SRR24967171	NC_043080.1	0	0.00	0.0000	False	/data/output/mapping/map2Ref/SRR24967171/NC_043080.1.consensus.fasta
SRR24967171	NC_043081.1	0	0.00	0.0000	False	/data/output/mapping/map2Ref/SRR24967171/NC_043081.1.consensus.fasta
SRR24967171	NC_043082.1	0	0.00	0.0000	False	/data/output/mapping/map2Ref/SRR24967171/NC_043082.1.consensus.fasta
SRR24967171	NC_043083.1	0	0.00	0.0000	False	/data/output/mapping/map2Ref/SRR24967171/NC_043083.1.consensus.fasta
SRR24967171	NC_043084.1	0	0.00	0.0000	False	/data/output/mapping/map2Ref/SRR24967171/NC_043084.1.consensus.fasta
SRR24967171	NC_043085.1	0	0.00	0.0000	False	/data/output/mapping/map2Ref/SRR24967171/NC_043085.1.consensus.fasta
SRR24967171	NC_043086.1	0	0.00	0.0000	False	/data/output/mapping/map2Ref/SRR24967171/NC_043086.1.consensus.fasta
SRR24967171	NC_043104.1	0	0.00	0.0000	False	/data/output/mapping/map2Ref/SRR24967171/NC_043104.1.consensus.fasta
SRR24967171	NC_043105.1	0	0.00	0.0000	False	/data/output/mapping/map2Ref/SRR24967171/NC_043105.1.consensus.fasta
SRR24967171	NC_043109.1	0	0.00	0.0000	False	/data/output/mapping/map2Ref/SRR24967171/NC_043109.1.consensus.fasta
SRR24967171	NC_043132.1	0	0.00	0.0000	False	/data/output/mapping/map2Ref/SRR24967171/NC_043132.1.consensus.fasta
SRR24967171	NC_043133.1	0	0.00	0.0000	False	/data/output/mapping/map2Ref/SRR24967171/NC_043133.1.consensus.fasta
SRR24967171	NC_043134.1	0	0.00	0.0000	False	/data/output/mapping/map2Ref/SRR24967171/NC_043134.1.consensus.fasta
SRR24967171	NC_043135.1	0	0.00	0.0000	False	/data/output/mapping/map2Ref/SRR24967171/NC_043135.1.consensus.fasta
SRR24967171	NC_043136.1	0	0.00	0.0000	False	/data/output/mapping/map2Ref/SRR24967171/NC_043136.1.consensus.fasta
SRR24967171	NC_043137.1	0	0.00	0.0000	False	/data/output/mapping/map2Ref/SRR24967171/NC_043137.1.consensus.fasta
SRR24967171	NC_043138.1	83	2.22	1.5948	False	/data/output/mapping/map2Ref/SRR24967171/NC_043138.1.consensus.fasta
SRR24967171	NC_043139.1	0	0.00	0.0000	False	/data/output/mapping/map2Ref/SRR24967171/NC_043139.1.consensus.fasta
SRR24967171	NC_043140.1	0	0.00	0.0000	False	/data/output/mapping/map2Ref/SRR24967171/NC_043140.1.consensus.fasta
SRR24967171	NC_043141.1	0	0.00	0.0000	False	/data/output/mapping/map2Ref/SRR24967171/NC_043141.1.consensus.fasta
SRR24967171	NC_043142.1	0	0.00	0.0000	False	/data/output/mapping/map2Ref/SRR24967171/NC_043142.1.consensus.fasta
SRR24967171	NC_043143.1	0	0.00	0.0000	False	/data/output/mapping/map2Ref/SRR24967171/NC_043143.1.consensus.fasta
SRR24967171	NC_043144.1	0	0.00	0.0000	False	/data/output/mapping/map2Ref/SRR24967171/NC_043144.1.consensus.fasta
SRR24967171	NC_043145.1	0	0.00	0.0000	False	/data/output/mapping/map2Ref/SRR24967171/NC_043145.1.consensus.fasta
SRR24967171	NC_043146.1	0	0.00	0.0000	False	/data/output/mapping/map2Ref/SRR24967171/NC_043146.1.consensus.fasta
SRR24967171	NC_043147.1	0	0.00	0.0000	False	/data/output/mapping/map2Ref/SRR24967171/NC_043147.1.consensus.fasta
SRR24967171	NC_043148.1	0	0.00	0.0000	False	/data/output/mapping/map2Ref/SRR24967171/NC_043148.1.consensus.fasta
SRR24967171	NC_043149.1	0	0.00	0.0000	False	/data/output/mapping/map2Ref/SRR24967171/NC_043149.1.consensus.fasta
SRR24967171	NC_043150.1	0	0.00	0.0000	False	/data/output/mapping/map2Ref/SRR24967171/NC_043150.1.consensus.fasta
SRR24967171	NC_043151.1	0	0.00	0.0000	False	/data/output/mapping/map2Ref/SRR24967171/NC_043151.1.consensus.fasta
SRR24967171	NC_043152.1	0	0.00	0.0000	False	/data/output/mapping/map2Ref/SRR24967171/NC_043152.1.consensus.fasta
SRR24967171	NC_043153.1	0	0.00	0.0000	False	/data/output/mapping/map2Ref/SRR24967171/NC_043153.1.consensus.fasta
SRR24967171	NC_043154.1	0	0.00	0.0000	False	/data/output/mapping/map2Ref/SRR24967171/NC_043154.1.consensus.fasta
SRR24967171	NC_043155.1	0	0.00	0.0000	False	/data/output/mapping/map2Ref/SRR24967171/NC_043155.1.consensus.fasta
SRR24967171	NC_043156.1	0	0.00	0.0000	False	/data/output/mapping/map2Ref/SRR24967171/NC_043156.1.consensus.fasta
SRR24967171	NC_043157.1	0	0.00	0.0000	False	/data/output/mapping/map2Ref/SRR24967171/NC_043157.1.consensus.fasta
SRR24967171	NC_043158.1	0	0.00	0.0000	False	/data/output/mapping/map2Ref/SRR24967171/NC_043158.1.consensus.fasta
SRR24967171	NC_043159.1	0	0.00	0.0000	False	/data/output/mapping/map2Ref/SRR24967171/NC_043159.1.consensus.fasta
SRR24967171	NC_043160.1	2	2.00	0.0394	False	/data/output/mapping/map2Ref/SRR24967171/NC_043160.1.consensus.fasta
SRR24967171	NC_043161.1	0	0.00	0.0000	False	/data/output/mapping/map2Ref/SRR24967171/NC_043161.1.consensus.fasta
SRR24967171	NC_043162.1	0	0.00	0.0000	False	/data/output/mapping/map2Ref/SRR24967171/NC_043162.1.consensus.fasta
SRR24967171	NC_043163.1	0	0.00	0.0000	False	/data/output/mapping/map2Ref/SRR24967171/NC_043163.1.consensus.fasta
SRR24967171	NC_043164.1	0	0.00	0.0000	False	/data/output/mapping/map2Ref/SRR24967171/NC_043164.1.consensus.fasta
SRR24967171	NC_043165.1	0	0.00	0.0000	False	/data/output/mapping/map2Ref/SRR24967171/NC_043165.1.consensus.fasta
SRR24967171	NC_043166.1	0	0.00	0.0000	False	/data/output/mapping/map2Ref/SRR24967171/NC_043166.1.consensus.fasta
SRR24967171	NC_043167.1	0	0.00	0.0000	False	/data/output/mapping/map2Ref/SRR24967171/NC_043167.1.consensus.fasta
SRR24967171	NC_043168.1	0	0.00	0.0000	False	/data/output/mapping/map2Ref/SRR24967171/NC_043168.1.consensus.fasta
SRR24967171	NC_043169.1	0	0.00	0.0000	False	/data/output/mapping/map2Ref/SRR24967171/NC_043169.1.consensus.fasta
SRR24967171	NC_043170.1	0	0.00	0.0000	False	/data/output/mapping/map2Ref/SRR24967171/NC_043170.1.consensus.fasta
SRR24967171	NC_043171.1	0	0.00	0.0000	False	/data/output/mapping/map2Ref/SRR24967171/NC_043171.1.consensus.fasta
SRR24967171	NC_043172.1	0	0.00	0.0000	False	/data/output/mapping/map2Ref/SRR24967171/NC_043172.1.consensus.fasta
SRR24967171	NC_043173.1	0	0.00	0.0000	False	/data/output/mapping/map2Ref/SRR24967171/NC_043173.1.consensus.fasta
SRR24967171	NC_043406.1	0	0.00	0.0000	False	/data/output/mapping/map2Ref/SRR24967171/NC_043406.1.consensus.fasta
SRR24967171	NC_043420.1	0	0.00	0.0000	False	/data/output/mapping/map2Ref/SRR24967171/NC_043420.1.consensus.fasta
SRR24967171	NC_043421.1	0	0.00	0.0000	False	/data/output/mapping/map2Ref/SRR24967171/NC_043421.1.consensus.fasta
SRR24967171	NC_043422.1	21	2.49	0.4271	False	/data/output/mapping/map2Ref/SRR24967171/NC_043422.1.consensus.fasta
SRR24967171	NC_043423.1	0	0.00	0.0000	False	/data/output/mapping/map2Ref/SRR24967171/NC_043423.1.consensus.fasta
SRR24967171	NC_043424.1	0	0.00	0.0000	False	/data/output/mapping/map2Ref/SRR24967171/NC_043424.1.consensus.fasta
SRR24967171	NC_043425.1	0	0.00	0.0000	False	/data/output/mapping/map2Ref/SRR24967171/NC_043425.1.consensus.fasta
SRR24967171	NC_043532.1	0	0.00	0.0000	False	/data/output/mapping/map2Ref/SRR24967171/NC_043532.1.consensus.fasta
SRR24967171	NC_043534.1	0	0.00	0.0000	False	/data/output/mapping/map2Ref/SRR24967171/NC_043534.1.consensus.fasta
SRR24967171	NC_043535.1	0	0.00	0.0000	False	/data/output/mapping/map2Ref/SRR24967171/NC_043535.1.consensus.fasta
SRR24967171	NC_043536.1	0	0.00	0.0000	False	/data/output/mapping/map2Ref/SRR24967171/NC_043536.1.consensus.fasta
SRR24967171	NC_043537.1	0	0.00	0.0000	False	/data/output/mapping/map2Ref/SRR24967171/NC_043537.1.consensus.fasta
SRR24967171	NC_055177.1	0	0.00	0.0000	False	/data/output/mapping/map2Ref/SRR24967171/NC_055177.1.consensus.fasta
SRR24967171	NC_055236.1	0	0.00	0.0000	False	/data/output/mapping/map2Ref/SRR24967171/NC_055236.1.consensus.fasta
SRR24967171	NC_055237.1	0	0.00	0.0000	False	/data/output/mapping/map2Ref/SRR24967171/NC_055237.1.consensus.fasta
SRR24967171	NC_055238.1	0	0.00	0.0000	False	/data/output/mapping/map2Ref/SRR24967171/NC_055238.1.consensus.fasta
SRR24967171	NC_055462.1	0	0.00	0.0000	False	/data/output/mapping/map2Ref/SRR24967171/NC_055462.1.consensus.fasta
SRR24967171	NC_055468.1	0	0.00	0.0000	False	/data/output/mapping/map2Ref/SRR24967171/NC_055468.1.consensus.fasta
SRR24967171	NC_055470.1	0	0.00	0.0000	False	/data/output/mapping/map2Ref/SRR24967171/NC_055470.1.consensus.fasta
SRR24967171	NC_055481.1	0	0.00	0.0000	False	/data/output/mapping/map2Ref/SRR24967171/NC_055481.1.consensus.fasta
SRR24967171	NC_055482.1	0	0.00	0.0000	False	/data/output/mapping/map2Ref/SRR24967171/NC_055482.1.consensus.fasta
SRR24967171	NC_055483.1	0	0.00	0.0000	False	/data/output/mapping/map2Ref/SRR24967171/NC_055483.1.consensus.fasta
SRR24967171	NC_055491.1	0	0.00	0.0000	False	/data/output/mapping/map2Ref/SRR24967171/NC_055491.1.consensus.fasta
SRR24967171	NC_055493.1	0	0.00	0.0000	False	/data/output/mapping/map2Ref/SRR24967171/NC_055493.1.consensus.fasta
SRR24967171	NC_055496.1	0	0.00	0.0000	False	/data/output/mapping/map2Ref/SRR24967171/NC_055496.1.consensus.fasta
SRR24967171	NC_055503.1	0	0.00	0.0000	False	/data/output/mapping/map2Ref/SRR24967171/NC_055503.1.consensus.fasta
SRR24967171	NC_055506.1	0	0.00	0.0000	False	/data/output/mapping/map2Ref/SRR24967171/NC_055506.1.consensus.fasta
SRR24967171	NC_055520.1	0	0.00	0.0000	False	/data/output/mapping/map2Ref/SRR24967171/NC_055520.1.consensus.fasta
SRR24967171	NC_055542.1	0	0.00	0.0000	False	/data/output/mapping/map2Ref/SRR24967171/NC_055542.1.consensus.fasta
SRR24967171	NC_055545.1	0	0.00	0.0000	False	/data/output/mapping/map2Ref/SRR24967171/NC_055545.1.consensus.fasta
SRR24967171	NC_055546.1	0	0.00	0.0000	False	/data/output/mapping/map2Ref/SRR24967171/NC_055546.1.consensus.fasta
SRR24967171	NC_055562.1	0	0.00	0.0000	False	/data/output/mapping/map2Ref/SRR24967171/NC_055562.1.consensus.fasta
SRR24967171	NC_055568.1	0	0.00	0.0000	False	/data/output/mapping/map2Ref/SRR24967171/NC_055568.1.consensus.fasta
SRR24967171	NC_055574.1	0	0.00	0.0000	False	/data/output/mapping/map2Ref/SRR24967171/NC_055574.1.consensus.fasta
SRR24967171	NC_055585.1	0	0.00	0.0000	False	/data/output/mapping/map2Ref/SRR24967171/NC_055585.1.consensus.fasta
SRR24967171	NC_055598.1	0	0.00	0.0000	False	/data/output/mapping/map2Ref/SRR24967171/NC_055598.1.consensus.fasta
SRR24967171	NC_055600.1	0	0.00	0.0000	False	/data/output/mapping/map2Ref/SRR24967171/NC_055600.1.consensus.fasta
SRR24967171	NC_055601.1	0	0.00	0.0000	False	/data/output/mapping/map2Ref/SRR24967171/NC_055601.1.consensus.fasta
SRR24967171	NC_055604.1	0	0.00	0.0000	False	/data/output/mapping/map2Ref/SRR24967171/NC_055604.1.consensus.fasta
SRR24967171	NC_075430.1	0	0.00	0.0000	False	/data/output/mapping/map2Ref/SRR24967171/NC_075430.1.consensus.fasta
SRR24967171	NC_076023.1	0	0.00	0.0000	False	/data/output/mapping/map2Ref/SRR24967171/NC_076023.1.consensus.fasta
SRR24967171	NC_076048.1	0	0.00	0.0000	False	/data/output/mapping/map2Ref/SRR24967171/NC_076048.1.consensus.fasta
SRR24967171	NC_076132.1	0	0.00	0.0000	False	/data/output/mapping/map2Ref/SRR24967171/NC_076132.1.consensus.fasta
SRR24967171	NC_076148.1	0	0.00	0.0000	False	/data/output/mapping/map2Ref/SRR24967171/NC_076148.1.consensus.fasta
SRR24967171	NC_076205.1	5	0.65	0.0326	False	/data/output/mapping/map2Ref/SRR24967171/NC_076205.1.consensus.fasta
SRR24967171	NC_076230.1	0	0.00	0.0000	False	/data/output/mapping/map2Ref/SRR24967171/NC_076230.1.consensus.fasta
SRR24967171	NC_076231.1	0	0.00	0.0000	False	/data/output/mapping/map2Ref/SRR24967171/NC_076231.1.consensus.fasta
SRR24967171	NC_076243.1	0	0.00	0.0000	False	/data/output/mapping/map2Ref/SRR24967171/NC_076243.1.consensus.fasta
SRR24967171	NC_076247.1	0	0.00	0.0000	False	/data/output/mapping/map2Ref/SRR24967171/NC_076247.1.consensus.fasta
SRR24967171	NC_076338.1	0	0.00	0.0000	False	/data/output/mapping/map2Ref/SRR24967171/NC_076338.1.consensus.fasta
SRR24967171	NC_076349.1	0	0.00	0.0000	False	/data/output/mapping/map2Ref/SRR24967171/NC_076349.1.consensus.fasta
SRR24967171	NC_076409.1	0	0.00	0.0000	False	/data/output/mapping/map2Ref/SRR24967171/NC_076409.1.consensus.fasta
SRR24967171	NC_076495.1	0	0.00	0.0000	False	/data/output/mapping/map2Ref/SRR24967171/NC_076495.1.consensus.fasta
SRR24967171	NC_076603.1	0	0.00	0.0000	False	/data/output/mapping/map2Ref/SRR24967171/NC_076603.1.consensus.fasta
SRR24967171	NC_076606.1	0	0.00	0.0000	False	/data/output/mapping/map2Ref/SRR24967171/NC_076606.1.consensus.fasta
SRR24967171	NC_076610.1	0	0.00	0.0000	False	/data/output/mapping/map2Ref/SRR24967171/NC_076610.1.consensus.fasta
SRR24967171	NC_076633.1	0	0.00	0.0000	False	/data/output/mapping/map2Ref/SRR24967171/NC_076633.1.consensus.fasta
SRR24967171	NC_076638.1	0	0.00	0.0000	False	/data/output/mapping/map2Ref/SRR24967171/NC_076638.1.consensus.fasta
SRR24967171	NC_076711.1	0	0.00	0.0000	False	/data/output/mapping/map2Ref/SRR24967171/NC_076711.1.consensus.fasta
SRR24967171	NC_076712.1	0	0.00	0.0000	False	/data/output/mapping/map2Ref/SRR24967171/NC_076712.1.consensus.fasta
SRR24967171	NC_076716.1	0	0.00	0.0000	False	/data/output/mapping/map2Ref/SRR24967171/NC_076716.1.consensus.fasta
SRR24967171	NC_076863.1	0	0.00	0.0000	False	/data/output/mapping/map2Ref/SRR24967171/NC_076863.1.consensus.fasta
SRR24967171	NC_076865.1	131	0.50	0.4767	False	/data/output/mapping/map2Ref/SRR24967171/NC_076865.1.consensus.fasta
SRR24967171	NC_076883.1	0	0.00	0.0000	False	/data/output/mapping/map2Ref/SRR24967171/NC_076883.1.consensus.fasta
SRR24967171	NC_076885.1	0	0.00	0.0000	False	/data/output/mapping/map2Ref/SRR24967171/NC_076885.1.consensus.fasta
SRR24967171	NC_076902.1	0	0.00	0.0000	False	/data/output/mapping/map2Ref/SRR24967171/NC_076902.1.consensus.fasta
SRR24967171	NC_076904.1	0	0.00	0.0000	False	/data/output/mapping/map2Ref/SRR24967171/NC_076904.1.consensus.fasta
SRR24967171	NC_076917.1	0	0.00	0.0000	False	/data/output/mapping/map2Ref/SRR24967171/NC_076917.1.consensus.fasta
SRR24967171	NC_076962.1	0	0.00	0.0000	False	/data/output/mapping/map2Ref/SRR24967171/NC_076962.1.consensus.fasta
SRR24967171	NC_076997.1	0	0.00	0.0000	False	/data/output/mapping/map2Ref/SRR24967171/NC_076997.1.consensus.fasta
SRR24967171	NC_077005.1	0	0.00	0.0000	False	/data/output/mapping/map2Ref/SRR24967171/NC_077005.1.consensus.fasta
SRR24967171	NC_077007.1	7	0.31	0.0208	False	/data/output/mapping/map2Ref/SRR24967171/NC_077007.1.consensus.fasta
SRR24967171	NC_077021.1	0	0.00	0.0000	False	/data/output/mapping/map2Ref/SRR24967171/NC_077021.1.consensus.fasta
SRR24967171	NC_077022.1	0	0.00	0.0000	False	/data/output/mapping/map2Ref/SRR24967171/NC_077022.1.consensus.fasta
SRR24967171	NC_077040.1	0	0.00	0.0000	False	/data/output/mapping/map2Ref/SRR24967171/NC_077040.1.consensus.fasta
SRR24967171	NC_077052.1	0	0.00	0.0000	False	/data/output/mapping/map2Ref/SRR24967171/NC_077052.1.consensus.fasta
SRR24967171	NC_077056.1	0	0.00	0.0000	False	/data/output/mapping/map2Ref/SRR24967171/NC_077056.1.consensus.fasta
SRR24967171	NC_077059.1	0	0.00	0.0000	False	/data/output/mapping/map2Ref/SRR24967171/NC_077059.1.consensus.fasta
SRR24967171	NC_077068.1	0	0.00	0.0000	False	/data/output/mapping/map2Ref/SRR24967171/NC_077068.1.consensus.fasta
SRR24967171	NC_077071.1	0	0.00	0.0000	False	/data/output/mapping/map2Ref/SRR24967171/NC_077071.1.consensus.fasta
SRR24967171	NC_077072.1	0	0.00	0.0000	False	/data/output/mapping/map2Ref/SRR24967171/NC_077072.1.consensus.fasta
SRR24967171	NC_077096.1	214	0.73	0.9034	False	/data/output/mapping/map2Ref/SRR24967171/NC_077096.1.consensus.fasta
SRR24967171	NC_077104.1	0	0.00	0.0000	False	/data/output/mapping/map2Ref/SRR24967171/NC_077104.1.consensus.fasta
SRR24967171	NC_077118.1	0	0.00	0.0000	False	/data/output/mapping/map2Ref/SRR24967171/NC_077118.1.consensus.fasta
SRR24967171	NC_077162.1	0	0.00	0.0000	False	/data/output/mapping/map2Ref/SRR24967171/NC_077162.1.consensus.fasta
SRR24967171	NC_077165.1	0	0.00	0.0000	False	/data/output/mapping/map2Ref/SRR24967171/NC_077165.1.consensus.fasta
SRR24967171	NC_078625.1	0	0.00	0.0000	False	/data/output/mapping/map2Ref/SRR24967171/NC_078625.1.consensus.fasta
SRR24967171	NC_078766.1	0	0.00	0.0000	False	/data/output/mapping/map2Ref/SRR24967171/NC_078766.1.consensus.fasta
SRR24967171	NC_079041.1	0	0.00	0.0000	False	/data/output/mapping/map2Ref/SRR24967171/NC_079041.1.consensus.fasta
SRR24967171	NC_079071.1	0	0.00	0.0000	False	/data/output/mapping/map2Ref/SRR24967171/NC_079071.1.consensus.fasta
SRR24967171	NC_116337.1	0	0.00	0.0000	False	/data/output/mapping/map2Ref/SRR24967171/NC_116337.1.consensus.fasta
SRR24967171	NC_116338.1	0	0.00	0.0000	False	/data/output/mapping/map2Ref/SRR24967171/NC_116338.1.consensus.fasta
SRR24967171	NC_116567.1	0	0.00	0.0000	False	/data/output/mapping/map2Ref/SRR24967171/NC_116567.1.consensus.fasta
SRR24967171	NC_116571.1	5	0.36	0.0177	False	/data/output/mapping/map2Ref/SRR24967171/NC_116571.1.consensus.fasta
SRR24967171	NC_116972.1	0	0.00	0.0000	False	/data/output/mapping/map2Ref/SRR24967171/NC_116972.1.consensus.fasta
SRR24967171	NC_117233.1	0	0.00	0.0000	False	/data/output/mapping/map2Ref/SRR24967171/NC_117233.1.consensus.fasta
SRR24967171	NC_117258.1	0	0.00	0.0000	False	/data/output/mapping/map2Ref/SRR24967171/NC_117258.1.consensus.fasta
SRR24967171	NC_117364.1	115	0.49	0.4007	False	/data/output/mapping/map2Ref/SRR24967171/NC_117364.1.consensus.fasta
SRR24967171	NC_117365.1	9	0.47	0.0327	False	/data/output/mapping/map2Ref/SRR24967171/NC_117365.1.consensus.fasta
SRR24967171	NC_117366.1	266	0.60	0.9788	False	/data/output/mapping/map2Ref/SRR24967171/NC_117366.1.consensus.fasta
SRR24967171	NC_117432.1	0	0.00	0.0000	False	/data/output/mapping/map2Ref/SRR24967171/NC_117432.1.consensus.fasta
SRR24967171	NC_136443.1	0	0.00	0.0000	False	/data/output/mapping/map2Ref/SRR24967171/NC_136443.1.consensus.fasta
SRR24967171	NC_139211.1	0	0.00	0.0000	False	/data/output/mapping/map2Ref/SRR24967171/NC_139211.1.consensus.fasta
SRR24967171	NC_139212.1	0	0.00	0.0000	False	/data/output/mapping/map2Ref/SRR24967171/NC_139212.1.consensus.fasta
SRR24967171	NC_139213.1	0	0.00	0.0000	False	/data/output/mapping/map2Ref/SRR24967171/NC_139213.1.consensus.fasta
SRR24967171	NC_139456.1	195	0.58	0.7297	False	/data/output/mapping/map2Ref/SRR24967171/NC_139456.1.consensus.fasta
SRR24967171	NC_139457.1	0	0.00	0.0000	False	/data/output/mapping/map2Ref/SRR24967171/NC_139457.1.consensus.fasta
