Accession,Virus_name,Virus_genus,Virus_family
NC_055491.1,Yam chlorotic necrosis virus,Macluravirus,Potyviridae
NC_055506.1,Dioscorea mosaic virus,Potyvirus,Potyviridae
NC_075430.1,Dioscorea bacilliform virus,Badnavirus,Caulimoviridae
NC_076148.1,Papaya leaf curl betasatellite,Betasatellite caricae,
NC_076205.1,Dioscorea bacilliform RT virus,Badnavirus,Caulimoviridae
NC_076495.1,Yam asymptomatic virus 1,Ampelovirus,Closteroviridae
NC_076962.1,Tomato leaf curl Pakistan betasatellite,Betasatellite solanipakistanense,
NC_038381.1,Dioscorea bacilliform AL virus,Badnavirus,Caulimoviridae
NC_038561.1,Yam chlorotic necrotic mosaic virus,Macluravirus,Potyviridae
NC_038986.1,Dioscorea bacilliform RT virus 1,Badnavirus,Caulimoviridae
NC_038987.1,Dioscorea bacilliform RT virus 2,Badnavirus,Caulimoviridae
NC_038995.1,Dioscorea bacilliform TR virus,Badnavirus,Caulimoviridae
NC_040712.1,Dioscorea nummularia-associated virus,Dioscovirus,Caulimoviridae
NC_040825.1,Cluster bean endornavirus 1,Cluster bean endornavirus 1,unclassified Endornaviridae
NC_055177.1,Air potato virus 1,Ampelovirus,Closteroviridae
NC_018455.1,Chinese yam necrotic mosaic virus,Macluravirus,Potyviridae
NC_019412.1,Yam mild mosaic virus,Potyvirus,Potyviridae
NC_022895.1,Yam spherical virus,Procedovirinae,Tombusviridae
NC_025252.1,Yam virus X,Potexvirus,Alphaflexiviridae
NC_026248.1,Yam latent virus,Quinvirinae,Betaflexiviridae
NC_027212.1,Camponotus yamaokai virus,Insevirus,Inseviridae
NC_031763.1,Dioscorea mosaic associated virus,Sadwavirus,Secoviridae
NC_016003.1,Tamus red mosaic virus,Potexvirus,Alphaflexiviridae
NC_003003.1,Broad bean wilt virus 2,Comovirinae,Secoviridae
NC_005289.1,Broad bean wilt virus 1,Comovirinae,Secoviridae
NC_055493.1,Alpinia oxyphylla mosaic virus,Macluravirus,Potyviridae
NC_038560.1,Broad-leafed dock virus A,Macluravirus,Potyviridae
NC_039088.1,Cardamom mosaic virus,Macluravirus,Potyviridae
NC_043132.1,Alpinia mosaic virus,Macluravirus,Potyviridae
NC_043133.1,Maclura mosaic virus,Macluravirus,Potyviridae
NC_043134.1,Narcissus latent virus,Macluravirus,Potyviridae
NC_026759.1,Artichoke latent virus,Macluravirus,Potyviridae
NC_055470.1,Gomphocarpus mosaic virus,Potyvirus,Potyviridae
NC_055483.1,East Asian Passiflora distortion virus,Potyvirus,Potyviridae
NC_055496.1,Mashua virus Y,Potyvirus,Potyviridae
NC_055503.1,Platycodon mild mottle virus,Potyvirus,Potyviridae
NC_055520.1,Dendrobium chlorotic mosaic virus,Potyvirus,Potyviridae
NC_055568.1,Costus stripe mosaic virus,Potyvirus,Potyviridae
NC_055585.1,Noni mosaic virus,Potyvirus,Potyviridae
NC_055600.1,Paris virus 1,Potyvirus,Potyviridae
NC_055601.1,Begonia flower breaking virus,Potyvirus,Potyviridae
NC_076243.1,Passionfruit Vietnam virus,Potyvirus,Potyviridae
NC_076338.1,Ugandan passiflora virus,Potyvirus,Potyviridae
NC_076610.1,Pleioblastus mosaic virus,Potyvirus,Potyviridae
NC_076863.1,Ashitaba mosaic virus,Potyvirus,Potyviridae
NC_076883.1,Mirabilis crinkle mosaic virus,Potyvirus,Potyviridae
NC_076902.1,Achyranthes virus A,Potyvirus,Potyviridae
NC_076904.1,Pennisetum alopecuroides mosaic virus,Potyvirus,Potyviridae
NC_076997.1,Ornithogalum mosaic virus,Potyvirus,Potyviridae
NC_077005.1,Anemone mosaic virus,Potyvirus,Potyviridae
NC_077007.1,Thladiantha dubia mosaic virus,Potyvirus,Potyviridae
NC_077059.1,Amomum potyvirus A,Potyvirus,Potyviridae
NC_077072.1,Clivia yellow stripe virus,Potyvirus,Potyviridae
NC_077104.1,Marigold mosaic virus,Potyvirus,Potyviridae
NC_077118.1,Scorzonera virus A,Potyvirus,Potyviridae
NC_034208.1,Sunflower ring blotch virus,Potyvirus,Potyviridae
NC_034273.1,Endive necrotic mosaic virus,Potyvirus,Potyviridae
NC_035134.1,Cucurbit vein banding virus,Potyvirus,Potyviridae
NC_035458.1,Wild melon vein banding virus,Potyvirus,Potyviridae
NC_035459.1,Sudan watermelon mosaic virus,Potyvirus,Potyviridae
NC_036802.1,Saffron latent virus,Potyvirus,Potyviridae
NC_037051.1,Hyacinth mosaic virus,Potyvirus,Potyviridae
NC_038562.1,Gloriosa stripe mosaic virus,Potyvirus,Potyviridae
NC_038563.1,Sweet potato mild speckling virus,Potyvirus,Potyviridae
NC_038984.1,Daphne virus Y,Potyvirus,Potyviridae
NC_040650.1,Pleione flower breaking virus,Potyvirus,Potyviridae
NC_040802.1,Lily yellow mosaic virus,Potyvirus,Potyviridae
NC_043135.1,Alstroemeria mosaic virus,Potyvirus,Potyviridae
NC_043136.1,Alternanthera mild mosaic virus,Potyvirus,Potyviridae
NC_043137.1,Amazon lily mosaic virus,Potyvirus,Potyviridae
NC_043138.1,Angelica virus Y,Potyvirus,Potyviridae
NC_043139.1,Araujia mosaic virus,Potyvirus,Potyviridae
NC_043140.1,Calanthe mild mosaic virus,Potyvirus,Potyviridae
NC_043141.1,Carnation vein mottle virus,Potyvirus,Potyviridae
NC_043142.1,Carrot virus Y,Potyvirus,Potyviridae
NC_043143.1,Ceratobium mosaic virus,Potyvirus,Potyviridae
NC_043144.1,Chinese artichoke mosaic virus,Potyvirus,Potyviridae
NC_043145.1,Clitoria virus Y,Potyvirus,Potyviridae
NC_043146.1,Cypripedium virus Y,Potyvirus,Potyviridae
NC_043147.1,Diuris virus Y,Potyvirus,Potyviridae
NC_043148.1,Hibbertia virus Y,Potyvirus,Potyviridae
NC_043149.1,Iris mild mosaic virus,Potyvirus,Potyviridae
NC_043150.1,Kalanchoe mosaic virus,Potyvirus,Potyviridae
NC_043151.1,Lycoris mild mottle virus,Potyvirus,Potyviridae
NC_043152.1,Meadow saffron breaking virus,Potyvirus,Potyviridae
NC_043153.1,Nerine yellow stripe virus,Potyvirus,Potyviridae
NC_043154.1,Ornithogalum virus 2,Potyvirus,Potyviridae
NC_043155.1,Ornithogalum virus 3,Potyvirus,Potyviridae
NC_043156.1,Passiflora chlorosis virus,Potyvirus,Potyviridae
NC_043157.1,Pfaffia mosaic virus,Potyvirus,Potyviridae
NC_043158.1,Pleione virus Y,Potyvirus,Potyviridae
NC_043159.1,Ranunculus leaf distortion virus,Potyvirus,Potyviridae
NC_043160.1,Ranunculus mild mosaic virus,Potyvirus,Potyviridae
NC_043161.1,Ranunculus mosaic virus,Potyvirus,Potyviridae
NC_043162.1,Rhopalanthe virus Y,Potyvirus,Potyviridae
NC_043163.1,Sarcochilus virus Y,Potyvirus,Potyviridae
NC_043164.1,Spiranthes mosaic virus 3,Potyvirus,Potyviridae
NC_043165.1,Sunflower mosaic virus,Potyvirus,Potyviridae
NC_043166.1,Tradescantia mild mosaic virus,Potyvirus,Potyviridae
NC_043167.1,Tuberose mild mosaic virus,Potyvirus,Potyviridae
NC_043168.1,Tulip breaking virus,Potyvirus,Potyviridae
NC_043169.1,Twisted-stalk chlorotic streak virus,Potyvirus,Potyviridae
NC_043170.1,Vallota mosaic virus,Potyvirus,Potyviridae
NC_043171.1,Watermelon leaf mottle virus,Potyvirus,Potyviridae
NC_043172.1,Zucchini shoestring virus,Potyvirus,Potyviridae
NC_043173.1,Zucchini yellow fleck virus,Potyvirus,Potyviridae
NC_043420.1,Amaranthus leaf mottle virus,Potyvirus,Potyviridae
NC_043421.1,Butterfly flower mosaic virus,Potyvirus,Potyviridae
NC_043422.1,Henbane mosaic virus,Potyvirus,Potyviridae
NC_043423.1,Potyvirus malvae,Potyvirus,Potyviridae
NC_043424.1,Tuberose mild mottle virus,Potyvirus,Potyviridae
NC_043425.1,Tulip mosaic virus,Potyvirus,Potyviridae
NC_043532.1,Paris mosaic necrosis virus,Potyvirus,Potyviridae
NC_043536.1,Mediterranean ruda virus,Potyvirus,Potyviridae
NC_043537.1,African eggplant mosaic virus,Potyvirus,Potyviridae
NC_018093.1,Sweet potato virus G,Potyvirus,Potyviridae
NC_018176.1,Arracacha mottle virus,Potyvirus,Potyviridae
NC_018833.1,Iranian johnsongrass mosaic virus,Potyvirus,Potyviridae
NC_018872.2,Pokeweed mosaic virus,Potyvirus,Potyviridae
NC_019415.1,Blue squill virus A,Potyvirus,Potyviridae
NC_020072.1,Colombian datura virus,Potyvirus,Potyviridae
NC_020105.1,Brugmansia mosaic virus,Potyvirus,Potyviridae
NC_020896.1,Sweet potato latent virus,Potyvirus,Potyviridae
NC_021065.1,Sunflower mild mosaic virus,Potyvirus,Potyviridae
NC_021197.1,Donkey orchid virus A,Potyvirus,Potyviridae
NC_021786.1,Habenaria mosaic virus,Potyvirus,Potyviridae
NC_023014.1,Bidens mosaic virus,Potyvirus,Potyviridae
NC_023175.1,Zucchini tigre mosaic virus,Potyvirus,Potyviridae
NC_023628.1,Narcissus late season yellows virus,Potyvirus,Potyviridae
NC_025250.1,Vanilla distortion mosaic virus,Potyvirus,Potyviridae
NC_025254.1,Carrot thin leaf virus,Potyvirus,Potyviridae
NC_025821.1,Asparagus virus 1,Potyvirus,Potyviridae
NC_026615.1,Tamarillo leaf malformation virus,Potyvirus,Potyviridae
NC_027210.1,Catharanthus mosaic virus,Potyvirus,Potyviridae
NC_027706.1,Lettuce Italian necrotic virus,Potyvirus,Potyviridae
NC_029051.1,Jasmine virus T,Potyvirus,Potyviridae
NC_029076.1,Iris severe mosaic virus,Potyvirus,Potyviridae
NC_030118.1,Tobacco mosqueado virus,Potyvirus,Potyviridae
NC_030236.1,Impatiens flower break virus,Potyvirus,Potyviridae
NC_030293.1,Pecan mosaic-associated virus,Potyvirus,Potyviridae
NC_030391.1,Wild onion symptomless virus,Potyvirus,Potyviridae
NC_030794.1,Callistephus mottle virus,Potyvirus,Potyviridae
NC_030847.1,Barbacena virus Y,Potyvirus,Potyviridae
NC_031339.1,Euphorbia ringspot virus,Potyvirus,Potyviridae
NC_006262.1,Watermelon mosaic virus,Potyvirus,Potyviridae
NC_007147.1,Pennisetum mosaic virus,Potyvirus,Potyviridae
NC_007180.1,Thunberg fritillary mosaic virus,Potyvirus,Potyviridae
NC_007216.1,Wisteria vein mosaic virus,Potyvirus,Potyviridae
NC_007433.1,Shallot yellow stripe virus,Potyvirus,Potyviridae
NC_007728.1,East Asian Passiflora virus,Potyvirus,Potyviridae
NC_007913.1,Konjac mosaic virus,Potyvirus,Potyviridae
NC_008028.1,Daphne mosaic virus,Potyvirus,Potyviridae
NC_008393.1,Pepper severe mosaic virus,Potyvirus,Potyviridae
NC_008824.1,Narcissus degeneration virus,Potyvirus,Potyviridae
NC_009741.1,Basella rugose mosaic virus,Potyvirus,Potyviridae
NC_009742.1,Telosma mosaic virus,Potyvirus,Potyviridae
NC_009744.1,Wild tomato mosaic virus,Potyvirus,Potyviridae
NC_009745.1,Banana bract mosaic virus,Potyvirus,Potyviridae
NC_009994.1,Tobacco vein banding mosaic virus,Potyvirus,Potyviridae
NC_009995.1,Moroccan watermelon mosaic virus,Potyvirus,Potyviridae
NC_010735.1,Verbena virus Y,Potyvirus,Potyviridae
NC_010736.1,Potyvirus algeriaense,Potyvirus,Potyviridae
NC_010954.1,Fritillary virus Y,Potyvirus,Potyviridae
NC_011541.1,Narcissus yellow stripe virus,Potyvirus,Potyviridae
NC_011560.1,Zantedeschia mild mosaic virus,Potyvirus,Potyviridae
NC_011918.1,Pepper veinal mottle virus,Potyvirus,Potyviridae
NC_013261.1,Canna yellow streak virus,Potyvirus,Potyviridae
NC_014038.1,Sunflower chlorotic mottle virus,Potyvirus,Potyviridae
NC_014064.1,Freesia mosaic virus,Potyvirus,Potyviridae
NC_014252.1,Panax virus Y,Potyvirus,Potyviridae
NC_014325.1,Bidens mottle virus,Potyvirus,Potyviridae
NC_014327.1,Pepper yellow mosaic virus,Potyvirus,Potyviridae
NC_014536.1,Brugmansia suaveolens mottle virus,Potyvirus,Potyviridae
NC_014742.1,Sweet potato virus C,Potyvirus,Potyviridae
NC_014790.2,Passion fruit woodiness virus,Potyvirus,Potyviridae
NC_014898.1,Lupinus mosaic virus,Potyvirus,Potyviridae
NC_014905.1,Potyvirus apii,Potyvirus,Potyviridae
NC_015393.1,Celery mosaic virus,Potyvirus,Potyviridae
NC_015394.2,Hardenbergia mosaic virus,Potyvirus,Potyviridae
NC_016044.1,Chilli ringspot virus,Potyvirus,Potyviridae
NC_016159.1,Keunjorong mosaic virus,Potyvirus,Potyviridae
NC_016441.1,Yambean mosaic virus,Potyvirus,Potyviridae
NC_017824.1,Tomato necrotic stunt virus,Potyvirus,Potyviridae
NC_017967.1,Hippeastrum mosaic virus,Potyvirus,Potyviridae
NC_017970.1,Sweet potato virus 2,Potyvirus,Potyviridae
NC_017977.1,Cyrtanthus elatus virus A,Potyvirus,Potyviridae
NC_001841.1,Sweet potato feathery mottle virus,Potyvirus,Potyviridae
NC_002509.2,Turnip mosaic virus,Potyvirus,Potyviridae
NC_002600.1,Peanut mottle virus,Potyvirus,Potyviridae
NC_002634.1,Soybean mosaic virus,Potyvirus,Potyviridae
NC_003224.1,Zucchini yellow mosaic virus,Potyvirus,Potyviridae
NC_003377.1,Maize dwarf mosaic virus,Potyvirus,Potyviridae
NC_003397.1,Bean common mosaic virus,Potyvirus,Potyviridae
NC_003398.1,Sugarcane mosaic virus,Potyvirus,Potyviridae
NC_003399.1,Scallion mosaic virus,Potyvirus,Potyviridae
NC_003492.1,Bean yellow mosaic virus,Potyvirus,Potyviridae
NC_003536.1,Clover yellow vein virus,Potyvirus,Potyviridae
NC_003537.1,Dasheen mosaic virus,Potyvirus,Potyviridae
NC_003605.1,Lettuce mosaic virus,Potyvirus,Potyviridae
NC_003606.1,Johnsongrass mosaic virus,Potyvirus,Potyviridae
NC_003742.1,Cocksfoot streak virus,Potyvirus,Potyviridae
NC_004010.1,Potato virus V,Potyvirus,Potyviridae
NC_004011.1,Leek yellow stripe virus,Potyvirus,Potyviridae
NC_004013.1,Cowpea aphid-borne mosaic virus,Potyvirus,Potyviridae
NC_004035.1,Sorghum mosaic virus,Potyvirus,Potyviridae
NC_004039.1,Potato virus A,Potyvirus,Potyviridae
NC_004047.1,Bean common mosaic necrosis virus,Potyvirus,Potyviridae
NC_004426.1,Wild potato mosaic virus,Potyvirus,Potyviridae
NC_004573.1,Peru tomato mosaic virus,Potyvirus,Potyviridae
NC_004752.1,Yam mosaic virus,Potyvirus,Potyviridae
NC_005028.1,Papaya leaf distortion mosaic virus,Potyvirus,Potyviridae
NC_005029.1,Onion yellow dwarf virus,Potyvirus,Potyviridae
NC_005288.1,Lily mottle virus,Potyvirus,Potyviridae
NC_005304.1,Beet mosaic virus,Potyvirus,Potyviridae
NC_005778.1,Chilli veinal mottle virus,Potyvirus,Potyviridae
NC_001517.1,Pepper mottle virus,Potyvirus,Potyviridae
NC_001555.1,Tobacco etch virus,Potyvirus,Potyviridae
NC_001616.1,Potato virus Y,Potyvirus,Potyviridae
NC_001671.1,Pea seed-borne mosaic virus,Potyvirus,Potyviridae
NC_001768.1,Tobacco vein mottling virus,Potyvirus,Potyviridae
NC_001785.1,Papaya ringspot virus,Potyvirus,Potyviridae
NC_001445.1,Plum pox virus,Potyvirus,Potyviridae
NC_000947.1,Japanese yam mosaic virus,Potyvirus,Potyviridae
NC_055481.1,Grapevine badnavirus 1,Badnavirus,Caulimoviridae
NC_055562.1,Polyscias mosaic virus,Badnavirus,Caulimoviridae
NC_055598.1,Camellia lemon glow virus,Badnavirus,Caulimoviridae
NC_055604.1,Ivy ringspot-associated virus,Badnavirus,Caulimoviridae
NC_076023.1,Codonopsis vein clearing virus,Badnavirus,Caulimoviridae
NC_076048.1,Cacao swollen shoot Togo A virus,Badnavirus,Caulimoviridae
NC_076247.1,Epiphyllum badnavirus 1,Badnavirus,Caulimoviridae
NC_076349.1,Green Sichuan pepper vein clearing-associated virus,Badnavirus,Caulimoviridae
NC_076606.1,Aucuba ringspot virus,Badnavirus,Caulimoviridae
NC_076885.1,Chestnut mosaic virus,Badnavirus,Caulimoviridae
NC_077165.1,Chinaberry tree badnavirus 1,Badnavirus,Caulimoviridae
NC_034252.1,Wisteria badnavirus 1,Badnavirus,Caulimoviridae
NC_035472.1,Jujube mosaic-associated virus,Badnavirus,Caulimoviridae
NC_038378.1,Cacao swollen shoot CD virus,Badnavirus,Caulimoviridae
NC_038380.1,Canna yellow mottle virus,Badnavirus,Caulimoviridae
NC_038382.1,Sugarcane bacilliform Guadeloupe A virus,Badnavirus,Caulimoviridae
NC_040552.1,Cacao swollen shoot Ghana L virus,Badnavirus,Caulimoviridae
NC_040622.1,Cacao swollen shoot Ghana N virus,Badnavirus,Caulimoviridae
NC_040635.1,Birch leaf roll-associated virus,Badnavirus,Caulimoviridae
NC_040692.1,Cacao swollen shoot CE virus,Badnavirus,Caulimoviridae
NC_040693.1,Cacao swollen shoot Ghana R virus,Badnavirus,Caulimoviridae
NC_040807.1,Cacao swollen shoot Ghana J virus,Badnavirus,Caulimoviridae
NC_040808.1,Cacao swollen shoot Ghana K virus,Badnavirus,Caulimoviridae
NC_040809.1,Cacao Bacilliform SriLanka Virus,Badnavirus,Caulimoviridae
NC_043104.1,Spiraea yellow leafspot virus,Badnavirus,Caulimoviridae
NC_043534.1,Cacao swollen shoot Ghana M virus,Badnavirus,Caulimoviridae
NC_043535.1,Cacao swollen shoot Ghana Q virus,Badnavirus,Caulimoviridae
NC_055236.1,Aglaonema bacilliform virus,Badnavirus,Caulimoviridae
NC_055237.1,Pineapple bacilliform ER virus,Badnavirus,Caulimoviridae
NC_055238.1,Schefflera ringspot virus,Badnavirus,Caulimoviridae
NC_018105.1,Gooseberry vein banding associated virus,Badnavirus,Caulimoviridae
NC_022365.1,Piper yellow mottle virus,Badnavirus,Caulimoviridae
NC_023485.1,Hibiscus bacilliform virus GD1,Badnavirus,Caulimoviridae
NC_024301.1,Pagoda yellow mosaic associated virus,Badnavirus,Caulimoviridae
NC_026020.2,Mulberry badnavirus 1,Badnavirus,Caulimoviridae
NC_026238.1,Rubus yellow net virus,Badnavirus,Caulimoviridae
NC_026472.1,Yacon necrotic mottle virus,Badnavirus,Caulimoviridae
NC_026819.1,Taro bacilliform CH virus,Badnavirus,Caulimoviridae
NC_027131.1,Grapevine Roditis leaf discoloration-associated virus,Badnavirus,Caulimoviridae
NC_029303.1,Blackberry virus F,Badnavirus,Caulimoviridae
NC_030462.1,Canna yellow mottle associated virus,Badnavirus,Caulimoviridae
NC_033738.1,Cacao mild mosaic virus,Badnavirus,Caulimoviridae
NC_033739.1,Cacao yellow vein banding virus,Badnavirus,Caulimoviridae
NC_006955.1,Banana streak MY virus,Badnavirus,Caulimoviridae
NC_007002.1,Banana streak GF virus,Badnavirus,Caulimoviridae
NC_007003.1,Banana streak VN virus,Badnavirus,Caulimoviridae
NC_008017.1,Sugarcane bacilliform MO virus,Badnavirus,Caulimoviridae
NC_008018.1,Banana streak virus Acuminata Yunnan,Badnavirus,Caulimoviridae
NC_008034.1,Dracaena mottle virus,Badnavirus,Caulimoviridae
NC_011097.2,Cycad leaf necrosis virus,Badnavirus,Caulimoviridae
NC_011592.1,Bougainvillea chlorotic vein banding virus,Badnavirus,Caulimoviridae
NC_012728.1,Sweet potato badnavirus B,Badnavirus,Caulimoviridae
NC_013262.1,Pelargonium vein banding virus,Badnavirus,Caulimoviridae
NC_013455.1,Sugarcane bacilliform Guadeloupe D virus,Badnavirus,Caulimoviridae
NC_014648.1,Pineapple bacilliform CO virus,Badnavirus,Caulimoviridae
NC_015502.1,Banana streak UA virus,Badnavirus,Caulimoviridae
NC_015503.1,Banana streak UI virus,Badnavirus,Caulimoviridae
NC_015504.1,Banana streak UL virus,Badnavirus,Caulimoviridae
NC_015505.1,Banana streak UM virus,Badnavirus,Caulimoviridae
NC_015506.1,Banana streak CA virus,Badnavirus,Caulimoviridae
NC_015507.1,Banana streak IM virus,Badnavirus,Caulimoviridae
NC_015655.1,Sweet potato pakakuy virus,Badnavirus,Caulimoviridae
NC_015784.2,Grapevine vein clearing virus,Badnavirus,Caulimoviridae
NC_017830.1,Fig badnavirus 1,Badnavirus,Caulimoviridae
NC_003031.1,Sugarcane bacilliform IM virus,Badnavirus,Caulimoviridae
NC_003381.1,Banana streak OL virus,Badnavirus,Caulimoviridae
NC_003382.1,Citrus yellow mosaic virus,Badnavirus,Caulimoviridae
NC_004450.1,Taro bacilliform virus,Badnavirus,Caulimoviridae
NC_004540.1,Badnavirus maculakalanchoes,Badnavirus,Caulimoviridae
NC_001574.1,Cacao swollen shoot virus,Badnavirus,Caulimoviridae
NC_001343.1,Commelina yellow mottle virus,Badnavirus,Caulimoviridae
NC_055482.1,Pistachio ampelovirus A,Ampelovirus,Closteroviridae
NC_043105.1,Pineapple mealybug wilt-associated virus 2,Ampelovirus,Closteroviridae
NC_043406.1,Pineapple mealybug wilt-associated virus 3,Ampelovirus,Closteroviridae
NC_022072.1,Blackberry vein banding-associated virus,Ampelovirus,Closteroviridae
NC_029783.1,Grapevine leafroll-associated virus 13,Ampelovirus,Closteroviridae
NC_009992.1,Plum bark necrosis stem pitting-associated virus,Ampelovirus,Closteroviridae
NC_010178.1,Pineapple mealybug wilt-associated virus 1,Ampelovirus,Closteroviridae
NC_011702.1,Grapevine leafroll-associated virus 10,Ampelovirus,Closteroviridae
NC_016081.1,Grapevine leafroll-associated virus 5,Ampelovirus,Closteroviridae
NC_016416.1,Grapevine leafroll-associated virus 4,Ampelovirus,Closteroviridae
NC_016417.1,Grapevine leafroll-associated virus 6,Ampelovirus,Closteroviridae
NC_016509.1,Grapevine leafroll-associated virus 1,Ampelovirus,Closteroviridae
NC_004667.1,Grapevine leafroll-associated virus 3,Ampelovirus,Closteroviridae
NC_005065.1,Little cherry virus 2,Ampelovirus,Closteroviridae
NC_055545.1,Jasmine virus H,Procedovirinae,Tombusviridae
NC_076230.1,Jasmine mosaic-associated virus 2,Procedovirinae,Tombusviridae
NC_076231.1,Elderberry aureusvirus 1,Procedovirinae,Tombusviridae
NC_033777.1,Clematis chlorotic mottle virus,Procedovirinae,Tombusviridae
NC_038690.1,Havel River virus,Procedovirinae,Tombusviridae
NC_038691.1,Limonium flower distortion virus,Procedovirinae,Tombusviridae
NC_038692.1,Petunia asteroid mosaic virus,Procedovirinae,Tombusviridae
NC_038693.1,Sikte waterborne virus,Procedovirinae,Tombusviridae
NC_038927.1,Neckar River virus,Procedovirinae,Tombusviridae
NC_040794.1,Adonis mosaic virus,Procedovirinae,Tombusviridae
NC_020073.2,Moroccan pepper virus,Procedovirinae,Tombusviridae
NC_020415.1,Rosa rugosa leaf distortion virus,Procedovirinae,Tombusviridae
NC_020469.1,Furcraea necrotic streak virus,Procedovirinae,Tombusviridae
NC_021705.2,Thin paspalum asymptomatic virus,Procedovirinae,Tombusviridae
NC_021926.1,Calibrachoa mottle virus,Procedovirinae,Tombusviridae
NC_023339.1,Eggplant mottled crinkle virus,Procedovirinae,Tombusviridae
NC_026239.1,Elderberry latent virus,Procedovirinae,Tombusviridae
NC_026240.1,Pelargonium ringspot virus,Procedovirinae,Tombusviridae
NC_029900.1,Potato necrosis virus,Procedovirinae,Tombusviridae
NC_030452.1,Pelargonium leaf curl virus,Procedovirinae,Tombusviridae
NC_030742.1,Gompholobium virus A,Procedovirinae,Tombusviridae
NC_032405.1,Bermuda grass latent virus,Procedovirinae,Tombusviridae
NC_005985.1,Pelargonium chlorotic ring pattern virus,Procedovirinae,Tombusviridae
NC_006939.1,Olive mild mosaic virus,Procedovirinae,Tombusviridae
NC_007017.2,Pelargonium line pattern virus,Procedovirinae,Tombusviridae
NC_007729.1,Maize necrotic streak virus,Procedovirinae,Tombusviridae
NC_007733.2,Angelonia flower break virus,Procedovirinae,Tombusviridae
NC_007816.2,Cucumber leaf spot virus,Procedovirinae,Tombusviridae
NC_009017.1,Nootka lupine vein clearing virus,Procedovirinae,Tombusviridae
NC_009533.1,Maize white line mosaic virus,Procedovirinae,Tombusviridae
NC_011108.1,Cocksfoot mild mosaic virus,Procedovirinae,Tombusviridae
NC_011535.1,Grapevine Algerian latent virus,Procedovirinae,Tombusviridae
NC_011643.1,Soybean yellow mottle mosaic virus,Procedovirinae,Tombusviridae
NC_014967.1,Honeysuckle ringspot virus,Procedovirinae,Tombusviridae
NC_015227.2,Trailing lespedeza virus 1,Procedovirinae,Tombusviridae
NC_002187.1,Japanese iris necrotic ring virus,Procedovirinae,Tombusviridae
NC_002598.1,Panicum mosaic virus,Procedovirinae,Tombusviridae
NC_003487.1,Tobacco necrosis virus D,Procedovirinae,Tombusviridae
NC_003500.3,Carnation Italian ringspot virus,Procedovirinae,Tombusviridae
NC_003532.1,Cymbidium ringspot virus,Procedovirinae,Tombusviridae
NC_003535.1,Cowpea mottle virus,Procedovirinae,Tombusviridae
NC_003608.1,Hibiscus chlorotic ringspot virus,Procedovirinae,Tombusviridae
NC_003627.1,Maize chlorotic mottle virus,Procedovirinae,Tombusviridae
NC_003633.1,Oat chlorotic stunt virus,Procedovirinae,Tombusviridae
NC_003821.3,Turnip crinkle virus,Procedovirinae,Tombusviridae
NC_004452.3,Beet black scorch virus,Procedovirinae,Tombusviridae
NC_004725.1,Cucumber Bulgarian latent virus,Procedovirinae,Tombusviridae
NC_004995.1,Pea stem necrosis virus,Procedovirinae,Tombusviridae
NC_005285.1,Pelargonium necrotic spot virus,Procedovirinae,Tombusviridae
NC_005286.1,Pelargonium flower break virus,Procedovirinae,Tombusviridae
NC_005287.1,Johnsongrass chlorotic stripe mosaic virus,Procedovirinae,Tombusviridae
NC_001504.1,Melon necrotic spot virus,Procedovirinae,Tombusviridae
NC_001554.1,Tomato bushy stunt virus,Procedovirinae,Tombusviridae
NC_001600.1,Cardamine chlorotic fleck virus,Procedovirinae,Tombusviridae
NC_001721.1,Olive latent virus 1,Procedovirinae,Tombusviridae
NC_001777.1,Tobacco necrosis virus A,Procedovirinae,Tombusviridae
NC_001780.1,Saguaro cactus virus,Procedovirinae,Tombusviridae
NC_001818.1,Galinsoga mosaic virus,Procedovirinae,Tombusviridae
NC_001822.1,Leek white stripe virus,Procedovirinae,Tombusviridae
NC_001469.1,Cucumber necrosis virus,Procedovirinae,Tombusviridae
NC_000939.2,Pothos latent virus,Procedovirinae,Tombusviridae
NC_001265.2,Carnation mottle virus,Procedovirinae,Tombusviridae
NC_001339.1,Artichoke mottled crinkle virus,Procedovirinae,Tombusviridae
NC_055542.1,Ambrosia asymptomatic virus 1,Potexvirus,Alphaflexiviridae
NC_055546.1,Cnidium virus X,Potexvirus,Alphaflexiviridae
NC_055574.1,Euonymus yellow mottle associated virus,Potexvirus,Alphaflexiviridae
NC_076132.1,Cassava Colombian symptomless virus,Potexvirus,Alphaflexiviridae
NC_076409.1,Citrus yellow mottle virus,Potexvirus,Alphaflexiviridae
NC_034375.1,Cassava virus X,Potexvirus,Alphaflexiviridae
NC_035190.1,Euonymus yellow vein virus,Potexvirus,Alphaflexiviridae
NC_035205.1,Vanilla virus X,Potexvirus,Alphaflexiviridae
NC_036587.1,Babaco mosaic virus,Potexvirus,Alphaflexiviridae
NC_040644.1,Turtle grass virus X,Potexvirus,Alphaflexiviridae
NC_040842.1,Potexvirus sp.,Potexvirus,Alphaflexiviridae
NC_043079.1,Lagenaria mild mosaic virus,Potexvirus,Alphaflexiviridae
NC_024458.1,Pitaya virus X,Potexvirus,Alphaflexiviridae
NC_026592.1,Citrus yellow vein clearing virus,Potexvirus,Alphaflexiviridae
NC_028649.1,Plantain virus X,Potexvirus,Alphaflexiviridae
NC_030746.1,Senna mosaic virus,Potexvirus,Alphaflexiviridae
NC_006059.1,Zygocactus virus X,Potexvirus,Alphaflexiviridae
NC_006060.1,Opuntia virus X,Potexvirus,Alphaflexiviridae
NC_006943.1,Hydrangea ringspot virus,Potexvirus,Alphaflexiviridae
NC_006948.1,Mint virus X,Potexvirus,Alphaflexiviridae
NC_007192.1,Lily virus X,Potexvirus,Alphaflexiviridae
NC_007408.1,Potexvirus ecsalstroemeriae,Potexvirus,Alphaflexiviridae
NC_007679.1,Nerine virus X,Potexvirus,Alphaflexiviridae
NC_007731.1,Potexvirus alternantherae,Potexvirus,Alphaflexiviridae
NC_008251.1,Malva mosaic virus,Potexvirus,Alphaflexiviridae
NC_010295.1,Phaius virus X,Potexvirus,Alphaflexiviridae
NC_010416.1,Asparagus virus 3,Potexvirus,Alphaflexiviridae
NC_010832.1,Lettuce virus X,Potexvirus,Alphaflexiviridae
NC_011544.1,Hosta virus X,Potexvirus,Alphaflexiviridae
NC_011620.1,Potato virus X,Potexvirus,Alphaflexiviridae
NC_011659.1,Schlumbergera virus X,Potexvirus,Alphaflexiviridae
NC_012211.2,Potexvirus ecsallii,Potexvirus,Alphaflexiviridae
NC_002815.2,Cactus virus X,Potexvirus,Alphaflexiviridae
NC_003093.1,Indian citrus ringspot virus,Potexvirus,Alphaflexiviridae
NC_003632.1,Potato aucuba mosaic virus,Potexvirus,Alphaflexiviridae
NC_003794.1,Strawberry mild yellow edge virus,Potexvirus,Alphaflexiviridae
NC_003820.1,White clover mosaic virus,Potexvirus,Alphaflexiviridae
NC_003849.1,Plantago asiatica mosaic virus,Potexvirus,Alphaflexiviridae
NC_004067.1,Pepino mosaic virus,Potexvirus,Alphaflexiviridae
NC_004322.1,Tulip virus X,Potexvirus,Alphaflexiviridae
NC_001642.1,Bamboo mosaic virus,Potexvirus,Alphaflexiviridae
NC_001658.1,Cassava common mosaic virus,Potexvirus,Alphaflexiviridae
NC_001748.1,Papaya mosaic virus,Potexvirus,Alphaflexiviridae
NC_001753.1,Clover yellow mosaic virus,Potexvirus,Alphaflexiviridae
NC_001812.1,Cymbidium mosaic virus,Potexvirus,Alphaflexiviridae
NC_001441.1,Narcissus mosaic virus,Potexvirus,Alphaflexiviridae
NC_001483.1,Foxtail mosaic virus,Potexvirus,Alphaflexiviridae
NC_076603.1,Cherry virus B,Quinvirinae,Betaflexiviridae
NC_076633.1,Shallot virus S,Quinvirinae,Betaflexiviridae
NC_076638.1,Birch carlavirus,Quinvirinae,Betaflexiviridae
NC_076711.1,Papaya mild mottle associated virus,Quinvirinae,Betaflexiviridae
NC_076712.1,papaya mottle-associated virus,Quinvirinae,Betaflexiviridae
NC_076716.1,Rose virus A,Quinvirinae,Betaflexiviridae
NC_076865.1,Rubus virus 1,Quinvirinae,Betaflexiviridae
NC_076917.1,Soybean carlavirus 1,Quinvirinae,Betaflexiviridae
NC_077021.1,Cactus carlavirus 1,Quinvirinae,Betaflexiviridae
NC_077022.1,Cactus carlavirus 2,Quinvirinae,Betaflexiviridae
NC_077040.1,Grapevine foveavirus A,Quinvirinae,Betaflexiviridae
NC_077052.1,Aconite virus A,Quinvirinae,Betaflexiviridae
NC_077056.1,Camellia ringspot associated virus 4,Quinvirinae,Betaflexiviridae
NC_077068.1,Rose virus B,Quinvirinae,Betaflexiviridae
NC_077071.1,Clivia carlavirus A,Quinvirinae,Betaflexiviridae
NC_077096.1,Agapanthus carlavirus B,Quinvirinae,Betaflexiviridae
NC_077162.1,Musa ornata-associated banmivirus,Quinvirinae,Betaflexiviridae
NC_116567.1,Cole mild mosaic virus,Quinvirinae,Betaflexiviridae
NC_116571.1,Stevia carlavirus 1,Quinvirinae,Betaflexiviridae
NC_117258.1,Blueberry virus S,Quinvirinae,Betaflexiviridae
NC_117364.1,Pseudostellaria heterophylla carlavirus 1,Quinvirinae,Betaflexiviridae
NC_117365.1,Pseudostellaria heterophylla carlavirus 2,Quinvirinae,Betaflexiviridae
NC_117366.1,Pseudostellaria heterophylla carlavirus 3,Quinvirinae,Betaflexiviridae
NC_136443.1,Prunus mume chlorotic leaf curl-associated virus,Quinvirinae,Betaflexiviridae
NC_034376.1,Pepper virus A,Quinvirinae,Betaflexiviridae
NC_038322.1,Cole latent virus,Quinvirinae,Betaflexiviridae
NC_038323.1,Helenium virus S,Quinvirinae,Betaflexiviridae
NC_038324.1,Melon yellowing-associated virus,Quinvirinae,Betaflexiviridae
NC_038865.1,Carnation latent virus,Quinvirinae,Betaflexiviridae
NC_038966.1,Atractylodes mottle virus,Quinvirinae,Betaflexiviridae
NC_040703.1,Chrysanthemum virus R,Quinvirinae,Betaflexiviridae
NC_043080.1,Caper latent virus,Quinvirinae,Betaflexiviridae
NC_043081.1,Cucumber vein-clearing virus,Quinvirinae,Betaflexiviridae
NC_043082.1,Helleborus mosaic virus,Quinvirinae,Betaflexiviridae
NC_043083.1,Phlox virus M,Quinvirinae,Betaflexiviridae
NC_043084.1,Sint-Jan onion latent virus,Quinvirinae,Betaflexiviridae
NC_043085.1,Verbena latent virus,Quinvirinae,Betaflexiviridae
NC_043086.1,Banana virus X,Quinvirinae,Betaflexiviridae
NC_018175.1,Potato virus H,Quinvirinae,Betaflexiviridae
NC_018448.1,Sweet potato C6 virus,Quinvirinae,Betaflexiviridae
NC_018714.1,Apple green crinkle associated virus,Quinvirinae,Betaflexiviridae
NC_019025.1,Rubus canadensis virus 1,Quinvirinae,Betaflexiviridae
NC_020996.1,Cherry rusty mottle associated virus,Quinvirinae,Betaflexiviridae
NC_023892.1,Gaillardia latent virus,Quinvirinae,Betaflexiviridae
NC_024449.1,Cherry twisted leaf associated virus,Quinvirinae,Betaflexiviridae
NC_025388.1,Asian prunus virus 1,Quinvirinae,Betaflexiviridae
NC_026616.2,Alfalfa latent virus,Quinvirinae,Betaflexiviridae
NC_027527.1,Pea streak virus,Quinvirinae,Betaflexiviridae
NC_028111.1,Nerine latent virus,Quinvirinae,Betaflexiviridae
NC_028868.1,Asian prunus virus 2,Quinvirinae,Betaflexiviridae
NC_028975.1,Asian prunus virus 3,Quinvirinae,Betaflexiviridae
NC_029085.1,Elderberry carlavirus A,Quinvirinae,Betaflexiviridae
NC_029086.1,Elderberry carlavirus B,Quinvirinae,Betaflexiviridae
NC_029087.1,Elderberry carlavirus C,Quinvirinae,Betaflexiviridae
NC_029088.1,Elderberry carlavirus D,Quinvirinae,Betaflexiviridae
NC_029089.1,Elderberry carlavirus E,Quinvirinae,Betaflexiviridae
NC_030926.1,Jasmine virus C,Quinvirinae,Betaflexiviridae
NC_031089.1,Ligustrum virus A,Quinvirinae,Betaflexiviridae
NC_006550.1,Sweet potato chlorotic fleck virus,Quinvirinae,Betaflexiviridae
NC_007289.1,Potato virus S,Quinvirinae,Betaflexiviridae
NC_008020.1,Daphne virus S,Quinvirinae,Betaflexiviridae
NC_008266.1,Narcissus common latent virus,Quinvirinae,Betaflexiviridae
NC_008292.1,Passiflora latent virus,Quinvirinae,Betaflexiviridae
NC_008552.1,Narcissus symptomless virus,Quinvirinae,Betaflexiviridae
NC_009087.2,Chrysanthemum virus B,Quinvirinae,Betaflexiviridae
NC_009383.1,Phlox virus S,Quinvirinae,Betaflexiviridae
NC_009759.1,Potato virus P,Quinvirinae,Betaflexiviridae
NC_009764.1,Coleus vein necrosis virus,Quinvirinae,Betaflexiviridae
NC_009892.1,Peach chlorotic mottle virus,Quinvirinae,Betaflexiviridae
NC_009991.1,Phlox virus B,Quinvirinae,Betaflexiviridae
NC_010305.1,Ligustrum necrotic ringspot virus,Quinvirinae,Betaflexiviridae
NC_010538.1,Hop mosaic virus,Quinvirinae,Betaflexiviridae
NC_011525.1,Potato latent virus,Quinvirinae,Betaflexiviridae
NC_011540.1,Hippeastrum latent virus,Quinvirinae,Betaflexiviridae
NC_012038.1,Helleborus net necrosis virus,Quinvirinae,Betaflexiviridae
NC_012210.1,Red clover vein mosaic virus,Quinvirinae,Betaflexiviridae
NC_012519.1,Robigovirus elaeis,Quinvirinae,Betaflexiviridae
NC_012869.1,Hydrangea chlorotic mottle virus,Quinvirinae,Betaflexiviridae
NC_013006.1,Kalanchoe latent virus,Quinvirinae,Betaflexiviridae
NC_013527.1,Butterbur mosaic virus,Quinvirinae,Betaflexiviridae
NC_014730.1,Cowpea mild mottle virus,Quinvirinae,Betaflexiviridae
NC_014821.1,Foveavirus latensarmeniacae,Quinvirinae,Betaflexiviridae
NC_016080.1,Mirabilis jalapa mottle virus,Quinvirinae,Betaflexiviridae
NC_016440.1,Garlic common latent virus,Quinvirinae,Betaflexiviridae
NC_017859.1,american hop latent virus,Quinvirinae,Betaflexiviridae
NC_001946.1,Cherry green ring mottle virus,Quinvirinae,Betaflexiviridae
NC_001948.1,Grapevine rupestris stem pitting-associated virus,Quinvirinae,Betaflexiviridae
NC_002468.1,Cherry necrotic rusty mottle virus,Quinvirinae,Betaflexiviridae
NC_002552.1,Hop latent virus,Quinvirinae,Betaflexiviridae
NC_002729.1,Banana mild mosaic virus,Quinvirinae,Betaflexiviridae
NC_002795.1,Carlavirus latensaconiti,Quinvirinae,Betaflexiviridae
NC_003462.2,Foveavirus mali,Quinvirinae,Betaflexiviridae
NC_003499.1,Blueberry scorch virus,Quinvirinae,Betaflexiviridae
NC_003557.1,Garlic latent virus,Quinvirinae,Betaflexiviridae
NC_003870.1,Sugarcane striate mosaic-associated virus,Quinvirinae,Betaflexiviridae
NC_005138.1,Lily symptomless virus,Quinvirinae,Betaflexiviridae
NC_005343.1,Poplar mosaic virus,Quinvirinae,Betaflexiviridae
NC_001361.2,Potato virus M,Quinvirinae,Betaflexiviridae
NC_035674.1,Australian Anopheles totivirus,Insevirus,Inseviridae
NC_040633.1,Sogatella furcifera totivirus 1,Insevirus,Inseviridae
NC_040704.1,Sogatella furcifera totivirus 2,Insevirus,Inseviridae
NC_029312.1,Camponotus nipponicus virus,Insevirus,Inseviridae
NC_032746.1,Beihai uca arcuata virus 1,Insevirus,Inseviridae
NC_032831.1,Hubei toti-like virus 12,Insevirus,Inseviridae
NC_032878.1,Hubei toti-like virus 13,Insevirus,Inseviridae
NC_032919.1,Hubei toti-like virus 15,Insevirus,Inseviridae
NC_032938.1,Hubei toti-like virus 24,Insevirus,Inseviridae
NC_033719.1,Xingshan nematode virus 6,Insevirus,Inseviridae
NC_078625.1,Pineapple secovirus A,Sadwavirus,Secoviridae
NC_078766.1,Lettuce secovirus 1,Sadwavirus,Secoviridae
NC_079041.1,surrounding non-legume associated virus,Sadwavirus,Secoviridae
NC_079071.1,pineapple secovirus B,Sadwavirus,Secoviridae
NC_008182.1,Black raspberry necrosis virus,Sadwavirus,Secoviridae
NC_016443.1,Chocolate lily virus A,Sadwavirus,Secoviridae
NC_003445.1,Strawberry mottle virus,Sadwavirus,Secoviridae
NC_003785.2,Satsuma dwarf virus,Sadwavirus,Secoviridae
